<?xml version="1.0" encoding="UTF-8"?><ActivityDefinition xmlns="http://hl7.org/fhir"><id value="ConsentPolicy-example-3"/><meta><lastUpdated value="2020-11-04T19:13:24.374+00:00"/><profile value="https://ths-greifswald.de/fhir/StructureDefinition/gics/ActivityDefinition/ConsentPolicy"/></meta><extension url="https://ths-greifswald.de/fhir/StructureDefinition/gics/Created"><valueInstant value="2020-01-02T04:05:06+01:00"/></extension><url value="https://ths-greifswald.de/fhir/gics/ActivityDefinition/ConsentPolicy-example-3"/><version value="2025.2.0"/><name value="MDAT_speichern_verarbeiten"/><title value="Medizinische Daten speichern"/><status value="active"/><date value="2025-11-20T15:33:41+01:00"/><publisher value="Unabhängige Treuhandstelle der Universitätsmedizin Greifswald"/><contact><name value="Unabhängige Treuhandstelle der Universitätsmedizin Greifswald"/><telecom><system value="url"/><value value="https://www.ths-greifswald.de/"/></telecom></contact><description value="Beispiel Consent Policy für die Speicherung medizinischer Daten im Rahmen eines Forschungsprojektes"/><useContext><code><system value="http://terminology.hl7.org/CodeSystem/usage-context-type"/><code value="program"/></code><valueReference><reference value="d7a65ce8-2810-401a-b0db-70782a7b19a6"/></valueReference></useContext><code><coding><system value="https://ths-greifswald.de/fhir/CodeSystem/gics/Policy"/><code value="MDAT_speichern_verarbeiten"/></coding></code></ActivityDefinition>