<?xml version="1.0" encoding="UTF-8"?><OperationDefinition xmlns="http://hl7.org/fhir"><id value="AddConsentOptOut"/><language value="de-DE"/><text><status value="generated"/><div xmlns="http://www.w3.org/1999/xhtml" xml:lang="de-DE" lang="de-DE"><p class="res-header-id"><b>Generated Narrative: OperationDefinition AddConsentOptOut</b></p><a name="AddConsentOptOut"> </a><a name="hcAddConsentOptOut"> </a><div style="display: inline-block; background-color: #d9e0e7; padding: 6px; margin: 4px; border: 1px solid #8da1b4; border-radius: 5px; line-height: 60%"><p style="margin-bottom: 0px">Language: de-DE</p></div><p>URL: [base]/$addConsentOptOut</p><h3>Parameters</h3><table class="grid"><tr><td><b>Use</b></td><td><b>Name</b></td><td><b>Scope</b></td><td><b>Cardinality</b></td><td><b>Type</b></td><td><b>Binding</b></td><td><b>Documentation</b></td></tr><tr><td>IN</td><td>patient</td><td/><td>1..1</td><td><a href="http://hl7.org/fhir/R4/patient.html">Patient</a></td><td/><td><div><p>Patient-Ressource, entsprechend dem Profil http://fhir.de/ConsentManagement/StructureDefinition/Patient. Für Identifier in dieser Ressource muss der Namensraum (identifier.system) mit der Zeichenfolge 'https://ths-greifswald.de/fhir/gics/identifiers/' beginnen. Angehängt hieran wird der Bezeichner eines im System konfigurierten SignerIDTypes. Abweichungen hiervon führen zu einem Fehler, indiziert durch HTTP Status 422.</p>
</div></td></tr><tr><td>IN</td><td>domain</td><td/><td>1..1</td><td><a href="http://hl7.org/fhir/R4/datatypes.html#string">string</a></td><td/><td><div><p>Angabe der Einwilligungsdomaene</p>
</div></td></tr><tr><td>IN</td><td>questionnaire</td><td/><td>1..1</td><td><a href="http://hl7.org/fhir/R4/datatypes.html#canonical">canonical</a></td><td/><td><div><p>Canonical URL des Questionnaire (entsprechend dem Profil http://fhir.de/ConsentManagement/StructureDefinition/QuestionnaireComposed), das im Rahmen eines Opt-Out-Kontexts implizit gilt.</p>
</div></td></tr><tr><td>OUT</td><td>return</td><td/><td>1..1</td><td><a href="http://hl7.org/fhir/R4/bundle.html">Bundle</a></td><td/><td><div><p>Bundle vom Typ collection, das die errechneten Consent-Ressourcen enthält.</p>
</div></td></tr></table><div><p>Liefert alle Consente einer Person einer spezifischen Einwilligungsdomaene, die sich aus den übermittelten Informationen ergeben. Die Rückgabe erfolgt als Bundle vom Typ &quot;collection&quot;.</p>
</div></div></text><url value="https://ths-greifswald.de/fhir/OperationDefinition/gics/addConsentOptOut"/><version value="2025.1.0"/><name value="AddConsentOptOut"/><title value="Add a consent related QuestionnaireResponse for a patient in an opt-out context"/><status value="active"/><kind value="operation"/><date value="2025-06-12"/><publisher value="Unabhängige Treuhandstelle der Universitätsmedizin Greifswald"/><contact><name value="Unabhängige Treuhandstelle der Universitätsmedizin Greifswald"/><telecom><system value="url"/><value value="https://www.ths-greifswald.de/"/></telecom></contact><description value="Erstellt die Einwilligungsinformationen in einem Opt-Out-Kontext für einen (ggf. neuen) Patienten, um auf dieser Basis eine neue Einwilligung im gICS zu erzeugen. Liefert Bundle vom Typ &quot;collection&quot;. Das Bundle enthält die errechnete FHIR Consent-Resource."/><purpose value="Teil des FHIR Gateway für gICS. Weitere Infos unter https://ths-greifswald.de/gics"/><affectsState value="true"/><code value="addConsentOptOut"/><comment value="Liefert alle Consente einer Person einer spezifischen Einwilligungsdomaene, die sich aus den übermittelten Informationen ergeben. Die Rückgabe erfolgt als Bundle vom Typ &quot;collection&quot;."/><system value="true"/><type value="false"/><instance value="false"/><parameter><name value="patient"/><use value="in"/><min value="1"/><max value="1"/><documentation value="Patient-Ressource, entsprechend dem Profil http://fhir.de/ConsentManagement/StructureDefinition/Patient. Für Identifier in dieser Ressource muss der Namensraum (identifier.system) mit der Zeichenfolge 'https://ths-greifswald.de/fhir/gics/identifiers/' beginnen. Angehängt hieran wird der Bezeichner eines im System konfigurierten SignerIDTypes. Abweichungen hiervon führen zu einem Fehler, indiziert durch HTTP Status 422."/><type value="Patient"/></parameter><parameter><name value="domain"/><use value="in"/><min value="1"/><max value="1"/><documentation value="Angabe der Einwilligungsdomaene"/><type value="string"/></parameter><parameter><name value="questionnaire"/><use value="in"/><min value="1"/><max value="1"/><documentation value="Canonical URL des Questionnaire (entsprechend dem Profil http://fhir.de/ConsentManagement/StructureDefinition/QuestionnaireComposed), das im Rahmen eines Opt-Out-Kontexts implizit gilt."/><type value="canonical"/></parameter><parameter><name value="return"/><use value="out"/><min value="1"/><max value="1"/><documentation value="Bundle vom Typ collection, das die errechneten Consent-Ressourcen enthält."/><type value="Bundle"/></parameter></OperationDefinition>