<?xml version="1.0" encoding="UTF-8"?><OperationDefinition xmlns="http://hl7.org/fhir"><id value="CurrentPolicyStatesForPerson"/><language value="de-DE"/><text><status value="generated"/><div xmlns="http://www.w3.org/1999/xhtml" xml:lang="de-DE" lang="de-DE"><p class="res-header-id"><b>Generated Narrative: OperationDefinition CurrentPolicyStatesForPerson</b></p><a name="CurrentPolicyStatesForPerson"> </a><a name="hcCurrentPolicyStatesForPerson"> </a><div style="display: inline-block; background-color: #d9e0e7; padding: 6px; margin: 4px; border: 1px solid #8da1b4; border-radius: 5px; line-height: 60%"><p style="margin-bottom: 0px">Language: de-DE</p></div><p>URL: [base]/$currentPolicyStatesForPerson</p><h3>Parameters</h3><table class="grid"><tr><td><b>Use</b></td><td><b>Name</b></td><td><b>Scope</b></td><td><b>Cardinality</b></td><td><b>Type</b></td><td><b>Binding</b></td><td><b>Documentation</b></td></tr><tr><td>IN</td><td>personIdentifier</td><td/><td>1..*</td><td><a href="http://hl7.org/fhir/R4/datatypes.html#Identifier">Identifier</a></td><td/><td><div><p>Um den Bezug zwischen Person und Einwilligung herzustellen, ist die Angabe von mindestens einem eindeutigen Personenidentifikator erforderlich. Dies kann je nach Anforderungen die Fallnummer, ein Patienten-Identifikator, die Angabe eines Bevollmächtigten oder ein Studienpseudonym, o.ä. sein. Bei Angabe von mehreren Identifikatoren und Verzicht auf Config-Parameter werden diese ODER-verknüpft (dies entspricht der Konfiguration AT-LEAST-ONE).</p>
</div></td></tr><tr><td>IN</td><td>domain</td><td/><td>1..1</td><td><a href="http://hl7.org/fhir/R4/datatypes.html#string">string</a></td><td/><td><div><p>Angabe der Einwilligungsdomaene</p>
</div></td></tr><tr><td>IN</td><td>config</td><td/><td>0..1</td><td><a href="http://hl7.org/fhir/R4/parameters.html">Parameters</a></td><td/><td/></tr><tr><td>OUT</td><td>return</td><td/><td>0..1</td><td><a href="http://hl7.org/fhir/R4/bundle.html">Bundle</a></td><td/><td><div><p>Bundle mit den beschriebenen Inhalten</p>
</div></td></tr></table><div><p>Liefert die aktuellen, gültigen Policies einer Person einer spezifischen Einwilligungsdomaene (Status: permit, deny). Die Rückgabe erfolgt als Bundle vom Typ &quot;collection&quot;. Das Bundle enthält ausschließlich Consent-Ressourcen zur Abbildung der Policies, d.h. je unterzeichneter Policy ist eine Consent-Ressource mit jeweils einer Policy (provision) enthalten.</p>
<p>Per default werden alle aktuell gültigen vom Patienten unterzeichneten Policies zurückgegeben (Accepted=Permit, Declined=Deny, Unknown=Deny). Sollen eingewilligte Policies mit Status &quot;Unknown&quot; ignoriert werden (mittels UNKNOWN können detailliertere Statusangaben wie UNKNOWN, NOT_ASKED, NOT_CHOSEN, WITHDRAWN, INVALIDATED, REFUSED und EXPIRED intern gruppiert werden) , kann dies parametrisiert werden (checkconsentconfig.unknownStateIsConsideredAsDecline=false).</p>
</div></div></text><url value="https://ths-greifswald.de/fhir/OperationDefinition/gics/currentPolicyStatesForPerson"/><version value="2025.1.0"/><name value="CurrentPolicyStatesForPerson"/><title value="Current policy states for person"/><status value="active"/><kind value="operation"/><date value="2025-06-12"/><publisher value="Unabhängige Treuhandstelle der Universitätsmedizin Greifswald"/><contact><name value="Unabhängige Treuhandstelle der Universitätsmedizin Greifswald"/><telecom><system value="url"/><value value="https://www.ths-greifswald.de/"/></telecom></contact><description value="Liefert die aktuellen, gültigen Policies einer Person einer spezifischen Einwilligungsdomaene (Status: permit, deny). Die Rückgabe erfolgt als Bundle vom Typ &quot;collection&quot;. Das Bundle enthält ausschließlich Consent-Ressourcen zur Abbildung der Policies, d.h. je unterzeichneter Policy ist eine Consent-Ressource mit jeweils einer Policy (provision) enthalten.&#xD;&#xA;&#xD;&#xA;Per default werden alle aktuell gültigen vom Patienten unterzeichneten Policies zurückgegeben (Accepted=Permit, Declined=Deny, Unknown=Deny). Sollen eingewilligte Policies mit Status &quot;Unknown&quot; ignoriert werden (mittels UNKNOWN können detailliertere Statusangaben wie UNKNOWN, NOT_ASKED, NOT_CHOSEN, WITHDRAWN, INVALIDATED, REFUSED und EXPIRED intern gruppiert werden) , kann dies parametrisiert werden (checkconsentconfig.unknownStateIsConsideredAsDecline=false)."/><purpose value="Teil des FHIR Gateway für gICS. Weitere Infos unter https://ths-greifswald.de/gics"/><affectsState value="false"/><code value="currentPolicyStatesForPerson"/><comment value="Liefert die aktuellen, gültigen Policies einer Person einer spezifischen Einwilligungsdomaene (Status: permit, deny). Die Rückgabe erfolgt als Bundle vom Typ &quot;collection&quot;. Das Bundle enthält ausschließlich Consent-Ressourcen zur Abbildung der Policies, d.h. je unterzeichneter Policy ist eine Consent-Ressource mit jeweils einer Policy (provision) enthalten.&#xD;&#xA;&#xD;&#xA;Per default werden alle aktuell gültigen vom Patienten unterzeichneten Policies zurückgegeben (Accepted=Permit, Declined=Deny, Unknown=Deny). Sollen eingewilligte Policies mit Status &quot;Unknown&quot; ignoriert werden (mittels UNKNOWN können detailliertere Statusangaben wie UNKNOWN, NOT_ASKED, NOT_CHOSEN, WITHDRAWN, INVALIDATED, REFUSED und EXPIRED intern gruppiert werden) , kann dies parametrisiert werden (checkconsentconfig.unknownStateIsConsideredAsDecline=false)."/><system value="true"/><type value="false"/><instance value="false"/><parameter><name value="personIdentifier"/><use value="in"/><min value="1"/><max value="*"/><documentation value="Um den Bezug zwischen Person und Einwilligung herzustellen, ist die Angabe von mindestens einem eindeutigen Personenidentifikator erforderlich. Dies kann je nach Anforderungen die Fallnummer, ein Patienten-Identifikator, die Angabe eines Bevollmächtigten oder ein Studienpseudonym, o.ä. sein. Bei Angabe von mehreren Identifikatoren und Verzicht auf Config-Parameter werden diese ODER-verknüpft (dies entspricht der Konfiguration AT-LEAST-ONE)."/><type value="Identifier"/></parameter><parameter><name value="domain"/><use value="in"/><min value="1"/><max value="1"/><documentation value="Angabe der Einwilligungsdomaene"/><type value="string"/></parameter><parameter><name value="config"/><use value="in"/><min value="0"/><max value="1"/><type value="Parameters"/></parameter><parameter><name value="return"/><use value="out"/><min value="0"/><max value="1"/><documentation value="Bundle mit den beschriebenen Inhalten"/><type value="Bundle"/></parameter></OperationDefinition>