<?xml version="1.0" encoding="UTF-8"?><OperationDefinition xmlns="http://hl7.org/fhir"><id value="IsConsented"/><language value="de-DE"/><text><status value="generated"/><div xmlns="http://www.w3.org/1999/xhtml" xml:lang="de-DE" lang="de-DE"><p class="res-header-id"><b>Generated Narrative: OperationDefinition IsConsented</b></p><a name="IsConsented"> </a><a name="hcIsConsented"> </a><div style="display: inline-block; background-color: #d9e0e7; padding: 6px; margin: 4px; border: 1px solid #8da1b4; border-radius: 5px; line-height: 60%"><p style="margin-bottom: 0px">Language: de-DE</p></div><p>URL: [base]/$isConsented</p><h3>Parameters</h3><table class="grid"><tr><td><b>Use</b></td><td><b>Name</b></td><td><b>Scope</b></td><td><b>Cardinality</b></td><td><b>Type</b></td><td><b>Binding</b></td><td><b>Documentation</b></td></tr><tr><td>IN</td><td>personIdentifier</td><td/><td>1..*</td><td><a href="http://hl7.org/fhir/R4/datatypes.html#Identifier">Identifier</a></td><td/><td><div><p>Um den Bezug zwischen Person und Einwilligung herzustellen, ist die Angabe von mindestens einem eindeutigen Personenidentifikator erforderlich. Dies kann je nach Anforderungen die Fallnummer, ein Patienten-Identifikator, die Angabe eines Bevollmächtigten oder ein Studienpseudonym, o.ä. sein und erfolgt unter Verwendung des passenden Patienten-Profils der AG Einwilligungsmanagement: https://simplifier.net/guide/Einwilligungsmanagement/Patient.
Bei Angabe von mehreren Identifikatoren werden diese ODER-verknüpft.</p>
</div></td></tr><tr><td>IN</td><td>domain</td><td/><td>1..1</td><td><a href="http://hl7.org/fhir/R4/datatypes.html#string">string</a></td><td/><td><div><p>Angabe der Einwilligungsdomaene</p>
</div></td></tr><tr><td>IN</td><td>policy</td><td/><td>1..1</td><td><a href="http://hl7.org/fhir/R4/datatypes.html#Coding">Coding</a></td><td><a href="ValueSet-PolicyVS.html">Policy</a> (Extensible)</td><td/></tr><tr><td>IN</td><td>version</td><td/><td>1..1</td><td><a href="http://hl7.org/fhir/R4/datatypes.html#string">string</a></td><td/><td/></tr><tr><td>IN</td><td>config</td><td/><td>0..1</td><td><a href="http://hl7.org/fhir/R4/parameters.html">Parameters</a></td><td/><td/></tr><tr><td>OUT</td><td>consented</td><td/><td>1..1</td><td><a href="http://hl7.org/fhir/R4/datatypes.html#boolean">boolean</a></td><td/><td/></tr></table><div><p>Liefert den Einwilligungsstatus eines Patienten für eine spezifische Policy per POST-Request. Die Rückgabe erfolgt als Parameters-Ressource.</p>
</div></div></text><url value="https://ths-greifswald.de/fhir/OperationDefinition/gics/isConsented"/><version value="2025.2.0"/><name value="IsConsented"/><title value="Patient's consent status for a defined policy"/><status value="active"/><kind value="operation"/><date value="2025-06-12"/><publisher value="Unabhängige Treuhandstelle der Universitätsmedizin Greifswald"/><contact><name value="Unabhängige Treuhandstelle der Universitätsmedizin Greifswald"/><telecom><system value="url"/><value value="https://www.ths-greifswald.de/"/></telecom></contact><description value="Liefert den Einwilligungsstatus eines Patienten für eine spezifische Policy per POST-Request. Die Rückgabe erfolgt als Parameters-Ressource."/><purpose value="Teil des FHIR Gateway für gICS. Weitere Infos unter https://ths-greifswald.de/gics"/><affectsState value="false"/><code value="isConsented"/><comment value="Liefert den Einwilligungsstatus eines Patienten für eine spezifische Policy per POST-Request. Die Rückgabe erfolgt als Parameters-Ressource."/><system value="true"/><type value="false"/><instance value="false"/><parameter><name value="personIdentifier"/><use value="in"/><min value="1"/><max value="*"/><documentation value="Um den Bezug zwischen Person und Einwilligung herzustellen, ist die Angabe von mindestens einem eindeutigen Personenidentifikator erforderlich. Dies kann je nach Anforderungen die Fallnummer, ein Patienten-Identifikator, die Angabe eines Bevollmächtigten oder ein Studienpseudonym, o.ä. sein und erfolgt unter Verwendung des passenden Patienten-Profils der AG Einwilligungsmanagement: https://simplifier.net/guide/Einwilligungsmanagement/Patient.&#xD;&#xA;Bei Angabe von mehreren Identifikatoren werden diese ODER-verknüpft."/><type value="Identifier"/></parameter><parameter><name value="domain"/><use value="in"/><min value="1"/><max value="1"/><documentation value="Angabe der Einwilligungsdomaene"/><type value="string"/></parameter><parameter><name value="policy"/><use value="in"/><min value="1"/><max value="1"/><type value="Coding"/><binding><strength value="extensible"/><valueSet value="https://ths-greifswald.de/fhir/ValueSet/gics/Policy"/></binding></parameter><parameter><name value="version"/><use value="in"/><min value="1"/><max value="1"/><type value="string"/></parameter><parameter><name value="config"/><use value="in"/><min value="0"/><max value="1"/><type value="Parameters"/></parameter><parameter><name value="consented"/><use value="out"/><min value="1"/><max value="1"/><type value="boolean"/></parameter></OperationDefinition>