<?xml version="1.0" encoding="UTF-8"?><SearchParameter xmlns="http://hl7.org/fhir"><id value="useContextIdentifier"/><text><status value="generated"/><div xmlns="http://www.w3.org/1999/xhtml"><p class="res-header-id"><b>Generated Narrative: SearchParameter useContextIdentifier</b></p><a name="useContextIdentifier"> </a><a name="hcuseContextIdentifier"> </a><h2>useContextIdentifier</h2><p>Parameter <code>useContextIdentifier</code>:<code>token</code></p><div><p>Eindeutiger Name (Identifikator) der referenzierten Consent Domain</p>
</div><table class="grid"><tr><td>Resources</td><td><a href="http://hl7.org/fhir/R4/activitydefinition.html">ActivityDefinition</a>, <a href="http://hl7.org/fhir/R4/questionnaire.html">Questionnaire</a></td></tr><tr><td>Expression</td><td><code>useContext.valueReference.identifier</code></td></tr><tr><td>Multiples</td><td><ul><li>multipleAnd: The parameter may only appear once</li><li>multipleOr: The parameter may only have one value (no comma separators)</li></ul></td></tr></table></div></text><url value="https://ths-greifswald.de/fhir/SearchParameter/gics/useContextIdentifier"/><version value="2025.1.0"/><name value="useContextIdentifier"/><status value="active"/><date value="2025-06-12"/><publisher value="Unabhängige Treuhandstelle der Universitätsmedizin Greifswald"/><contact><name value="Unabhängige Treuhandstelle der Universitätsmedizin Greifswald"/><telecom><system value="url"/><value value="https://www.ths-greifswald.de/"/></telecom></contact><description value="Eindeutiger Name (Identifikator) der referenzierten Consent Domain"/><code value="useContextIdentifier"/><base value="ActivityDefinition"/><base value="Questionnaire"/><type value="token"/><expression value="useContext.valueReference.identifier"/><multipleOr value="false"/><multipleAnd value="false"/></SearchParameter>