<?xml version="1.0" encoding="UTF-8"?>

<Bundle xmlns="http://hl7.org/fhir">
  <id value="AllPolicyStatesForPerson-response-example-1"/>
  <type value="collection"/>
  <entry>
    <fullUrl value="urn:uuid:c52ebb8f-3ca0-4978-9116-22c92aaccb18"/>
    <resource>
      <Consent>
        <id value="c52ebb8f-3ca0-4978-9116-22c92aaccb18"/>
        <meta>
          <lastUpdated value="2021-06-03T09:47:47.361+02:00"/>
          <profile value="https://ths-greifswald.de/fhir/StructureDefinition/gics/Consent"/>
          <profile value="http://fhir.de/ConsentManagement/StructureDefinition/Consent"/>
        </meta>
        <text>
          <status value="extensions"/><div xmlns="http://www.w3.org/1999/xhtml"><a name="Consent_c52ebb8f-3ca0-4978-9116-22c92aaccb18"> </a><p class="res-header-id"><b>Generated Narrative: Consent c52ebb8f-3ca0-4978-9116-22c92aaccb18</b></p><a name="c52ebb8f-3ca0-4978-9116-22c92aaccb18"> </a><a name="hcc52ebb8f-3ca0-4978-9116-22c92aaccb18"> </a><div style="display: inline-block; background-color: #d9e0e7; padding: 6px; margin: 4px; border: 1px solid #8da1b4; border-radius: 5px; line-height: 60%"><p style="margin-bottom: 0px">Last updated: 2021-06-03 09:47:47+0200</p><p style="margin-bottom: 0px">Profiles: <a href="StructureDefinition-Consent.html">Einwilligungsinformationen</a>, <a href="https://simplifier.net/resolve?scope=de.einwilligungsmanagement@2.0.0&amp;canonical=http://fhir.de/ConsentManagement/StructureDefinition/Consent">Consent Management: Consent</a></p></div><blockquote><p><b>Consent Management Domain Reference</b></p><ul><li>status: <a href="http://hl7.org/fhir/R4/codesystem-publication-status.html#publication-status-active">PublicationStatus active</a>: Active</li></ul></blockquote><p><b>status</b>: Active</p><p><b>scope</b>: <span title="Codes:{http://terminology.hl7.org/CodeSystem/consentscope research}">Research</span></p><p><b>category</b>: <span title="Codes:{http://loinc.org 57016-8}">Privacy policy acknowledgment Document</span>, <span title="Codes:{http://fhir.de/ConsentManagement/CodeSystem/ResultType policy}">Policy</span></p><p><b>patient</b>: <a href="https://simplifier.net/resolve?scope=de.einwilligungsmanagement@2.0.0&amp;canonical=http://fhir.org/packages/de.einwilligungsmanagement/Patient/34d195ef-179f-48dd-b830-d52ea9347157">Pseudonym dic_GCC83</a></p><p><b>dateTime</b>: 2021-06-03 00:00:00+0200</p><p><b>source</b>: <a href="https://simplifier.net/resolve?scope=de.einwilligungsmanagement@2.0.0&amp;canonical=http://fhir.org/packages/de.einwilligungsmanagement/QuestionnaireResponse/5cfc1218-618f-4408-9e3d-a1af7a25aa56">QuestionnaireResponse/5cfc1218-618f-4408-9e3d-a1af7a25aa56</a></p><p><b>policyRule</b>: <span title="Codes:{https://ths-greifswald.de/fhir/CodeSystem/gics/Policy IDAT_bereitstellen_EU_DSGVO_NIVEAU}">Herausgabe identifizierender Daten (IDAT) an verantwortliche Stelle zur weiteren Verarbeitung</span></p><blockquote><p><b>provision</b></p><p><b>type</b>: Opt In</p><p><b>period</b>: 2021-06-03 09:47:47+0200 --&gt; 2051-06-03 09:47:47+0200</p><p><b>code</b>: <span title="Codes:{https://ths-greifswald.de/fhir/CodeSystem/gics/Policy IDAT_bereitstellen_EU_DSGVO_NIVEAU}">Herausgabe identifizierender Daten (IDAT) an verantwortliche Stelle zur weiteren Verarbeitung</span>, <span title="Codes:{urn:oid:2.16.840.1.113883.3.1937.777.24.5.3 2.16.840.1.113883.3.1937.777.24.5.3.5}">IDAT bereitstellen EU DSGVO NIVEAU</span></p></blockquote></div>
        </text>
        <extension url="http://fhir.de/ConsentManagement/StructureDefinition/DomainReference">
          <extension url="status">
            <valueCoding>
              <system value="http://hl7.org/fhir/publication-status"/>
              <code value="active"/>
            </valueCoding>
          </extension>
        </extension>
        <status value="active"/>
        <scope>
          <coding>
            <system value="http://terminology.hl7.org/CodeSystem/consentscope"/>
            <code value="research"/>
          </coding>
        </scope>
        <category>
          <coding>
            <system value="http://loinc.org"/>
            <code value="57016-8"/>
          </coding>
        </category>
        <category>
          <coding>
            <system value="http://fhir.de/ConsentManagement/CodeSystem/ResultType"/>
            <code value="policy"/>
          </coding>
        </category>
        <patient>
          <reference value="Patient/34d195ef-179f-48dd-b830-d52ea9347157"/>
          <display value="Pseudonym dic_GCC83"/>
        </patient>
        <dateTime value="2021-06-03T00:00:00+02:00"/>
        <sourceReference>
          <reference value="QuestionnaireResponse/5cfc1218-618f-4408-9e3d-a1af7a25aa56"/>
        </sourceReference>
        <policyRule>
          <coding>
            <system value="https://ths-greifswald.de/fhir/CodeSystem/gics/Policy"/>
            <code value="IDAT_bereitstellen_EU_DSGVO_NIVEAU"/>
            <display value="Herausgabe identifizierender Daten (IDAT) an verantwortliche Stelle zur weiteren Verarbeitung"/>
          </coding>
        </policyRule>
        <provision>
          <type value="permit"/>
          <period>
            <start value="2021-06-03T09:47:47+02:00"/>
            <end value="2051-06-03T09:47:47+02:00"/>
          </period>
          <code>
            <coding>
              <system value="https://ths-greifswald.de/fhir/CodeSystem/gics/Policy"/>
              <code value="IDAT_bereitstellen_EU_DSGVO_NIVEAU"/>
              <display value="Herausgabe identifizierender Daten (IDAT) an verantwortliche Stelle zur weiteren Verarbeitung"/>
            </coding>
          </code>
          <code>
            <coding>
              <system value="urn:oid:2.16.840.1.113883.3.1937.777.24.5.3"/>
              <code value="2.16.840.1.113883.3.1937.777.24.5.3.5"/>
            </coding>
          </code>
        </provision>
      </Consent>
    </resource>
  </entry>
  <entry>
    <fullUrl value="urn:uuid:68148751-1a10-4e5a-84cd-2290950c3793"/>
    <resource>
      <Consent>
        <id value="68148751-1a10-4e5a-84cd-2290950c3793"/>
        <meta>
          <lastUpdated value="2021-06-03T09:47:47.361+02:00"/>
          <profile value="https://ths-greifswald.de/fhir/StructureDefinition/gics/Consent"/>
          <profile value="http://fhir.de/ConsentManagement/StructureDefinition/Consent"/>
        </meta>
        <text>
          <status value="extensions"/><div xmlns="http://www.w3.org/1999/xhtml"><a name="Consent_68148751-1a10-4e5a-84cd-2290950c3793"> </a><p class="res-header-id"><b>Generated Narrative: Consent 68148751-1a10-4e5a-84cd-2290950c3793</b></p><a name="68148751-1a10-4e5a-84cd-2290950c3793"> </a><a name="hc68148751-1a10-4e5a-84cd-2290950c3793"> </a><div style="display: inline-block; background-color: #d9e0e7; padding: 6px; margin: 4px; border: 1px solid #8da1b4; border-radius: 5px; line-height: 60%"><p style="margin-bottom: 0px">Last updated: 2021-06-03 09:47:47+0200</p><p style="margin-bottom: 0px">Profiles: <a href="StructureDefinition-Consent.html">Einwilligungsinformationen</a>, <a href="https://simplifier.net/resolve?scope=de.einwilligungsmanagement@2.0.0&amp;canonical=http://fhir.de/ConsentManagement/StructureDefinition/Consent">Consent Management: Consent</a></p></div><blockquote><p><b>Consent Management Domain Reference</b></p><ul><li>status: <a href="http://hl7.org/fhir/R4/codesystem-publication-status.html#publication-status-active">PublicationStatus active</a>: Active</li></ul></blockquote><p><b>status</b>: Active</p><p><b>scope</b>: <span title="Codes:{http://terminology.hl7.org/CodeSystem/consentscope research}">Research</span></p><p><b>category</b>: <span title="Codes:{http://loinc.org 57016-8}">Privacy policy acknowledgment Document</span>, <span title="Codes:{http://fhir.de/ConsentManagement/CodeSystem/ResultType policy}">Policy</span></p><p><b>patient</b>: <a href="https://simplifier.net/resolve?scope=de.einwilligungsmanagement@2.0.0&amp;canonical=http://fhir.org/packages/de.einwilligungsmanagement/Patient/34d195ef-179f-48dd-b830-d52ea9347157">Pseudonym dic_GCC83</a></p><p><b>dateTime</b>: 2021-06-03 00:00:00+0200</p><p><b>source</b>: <a href="https://simplifier.net/resolve?scope=de.einwilligungsmanagement@2.0.0&amp;canonical=http://fhir.org/packages/de.einwilligungsmanagement/QuestionnaireResponse/5cfc1218-618f-4408-9e3d-a1af7a25aa56">QuestionnaireResponse/5cfc1218-618f-4408-9e3d-a1af7a25aa56</a></p><p><b>policyRule</b>: <span title="Codes:{https://ths-greifswald.de/fhir/CodeSystem/gics/Policy IDAT_erheben}">Erfassung neuer identifizierender Daten (IDAT)</span></p><blockquote><p><b>provision</b></p><p><b>type</b>: Opt In</p><p><b>period</b>: 2021-06-03 09:47:47+0200 --&gt; 2051-06-03 09:47:47+0200</p><p><b>code</b>: <span title="Codes:{https://ths-greifswald.de/fhir/CodeSystem/gics/Policy IDAT_erheben}">Erfassung neuer identifizierender Daten (IDAT)</span>, <span title="Codes:{urn:oid:2.16.840.1.113883.3.1937.777.24.5.3 2.16.840.1.113883.3.1937.777.24.5.3.2}">IDAT erheben</span></p></blockquote></div>
        </text>
        <extension url="http://fhir.de/ConsentManagement/StructureDefinition/DomainReference">
          <extension url="status">
            <valueCoding>
              <system value="http://hl7.org/fhir/publication-status"/>
              <code value="active"/>
            </valueCoding>
          </extension>
        </extension>
        <status value="active"/>
        <scope>
          <coding>
            <system value="http://terminology.hl7.org/CodeSystem/consentscope"/>
            <code value="research"/>
          </coding>
        </scope>
        <category>
          <coding>
            <system value="http://loinc.org"/>
            <code value="57016-8"/>
          </coding>
        </category>
        <category>
          <coding>
            <system value="http://fhir.de/ConsentManagement/CodeSystem/ResultType"/>
            <code value="policy"/>
          </coding>
        </category>
        <patient>
          <reference value="Patient/34d195ef-179f-48dd-b830-d52ea9347157"/>
          <display value="Pseudonym dic_GCC83"/>
        </patient>
        <dateTime value="2021-06-03T00:00:00+02:00"/>
        <sourceReference>
          <reference value="QuestionnaireResponse/5cfc1218-618f-4408-9e3d-a1af7a25aa56"/>
        </sourceReference>
        <policyRule>
          <coding>
            <system value="https://ths-greifswald.de/fhir/CodeSystem/gics/Policy"/>
            <code value="IDAT_erheben"/>
            <display value="Erfassung neuer identifizierender Daten (IDAT)"/>
          </coding>
        </policyRule>
        <provision>
          <type value="permit"/>
          <period>
            <start value="2021-06-03T09:47:47+02:00"/>
            <end value="2051-06-03T09:47:47+02:00"/>
          </period>
          <code>
            <coding>
              <system value="https://ths-greifswald.de/fhir/CodeSystem/gics/Policy"/>
              <code value="IDAT_erheben"/>
              <display value="Erfassung neuer identifizierender Daten (IDAT)"/>
            </coding>
          </code>
          <code>
            <coding>
              <system value="urn:oid:2.16.840.1.113883.3.1937.777.24.5.3"/>
              <code value="2.16.840.1.113883.3.1937.777.24.5.3.2"/>
            </coding>
          </code>
        </provision>
      </Consent>
    </resource>
  </entry>
  <entry>
    <fullUrl value="urn:uuid:32fa19b1-f6fb-4fd5-b199-4d4dceb69e53"/>
    <resource>
      <Consent>
        <id value="32fa19b1-f6fb-4fd5-b199-4d4dceb69e53"/>
        <meta>
          <lastUpdated value="2021-06-03T09:47:47.361+02:00"/>
          <profile value="https://ths-greifswald.de/fhir/StructureDefinition/gics/Consent"/>
          <profile value="http://fhir.de/ConsentManagement/StructureDefinition/Consent"/>
        </meta>
        <text>
          <status value="extensions"/><div xmlns="http://www.w3.org/1999/xhtml"><a name="Consent_32fa19b1-f6fb-4fd5-b199-4d4dceb69e53"> </a><p class="res-header-id"><b>Generated Narrative: Consent 32fa19b1-f6fb-4fd5-b199-4d4dceb69e53</b></p><a name="32fa19b1-f6fb-4fd5-b199-4d4dceb69e53"> </a><a name="hc32fa19b1-f6fb-4fd5-b199-4d4dceb69e53"> </a><div style="display: inline-block; background-color: #d9e0e7; padding: 6px; margin: 4px; border: 1px solid #8da1b4; border-radius: 5px; line-height: 60%"><p style="margin-bottom: 0px">Last updated: 2021-06-03 09:47:47+0200</p><p style="margin-bottom: 0px">Profiles: <a href="StructureDefinition-Consent.html">Einwilligungsinformationen</a>, <a href="https://simplifier.net/resolve?scope=de.einwilligungsmanagement@2.0.0&amp;canonical=http://fhir.de/ConsentManagement/StructureDefinition/Consent">Consent Management: Consent</a></p></div><blockquote><p><b>Consent Management Domain Reference</b></p><ul><li>status: <a href="http://hl7.org/fhir/R4/codesystem-publication-status.html#publication-status-active">PublicationStatus active</a>: Active</li></ul></blockquote><p><b>status</b>: Active</p><p><b>scope</b>: <span title="Codes:{http://terminology.hl7.org/CodeSystem/consentscope research}">Research</span></p><p><b>category</b>: <span title="Codes:{http://loinc.org 57016-8}">Privacy policy acknowledgment Document</span>, <span title="Codes:{http://fhir.de/ConsentManagement/CodeSystem/ResultType policy}">Policy</span></p><p><b>patient</b>: <a href="https://simplifier.net/resolve?scope=de.einwilligungsmanagement@2.0.0&amp;canonical=http://fhir.org/packages/de.einwilligungsmanagement/Patient/34d195ef-179f-48dd-b830-d52ea9347157">Pseudonym dic_GCC83</a></p><p><b>dateTime</b>: 2021-06-03 00:00:00+0200</p><p><b>source</b>: <a href="https://simplifier.net/resolve?scope=de.einwilligungsmanagement@2.0.0&amp;canonical=http://fhir.org/packages/de.einwilligungsmanagement/QuestionnaireResponse/5cfc1218-618f-4408-9e3d-a1af7a25aa56">QuestionnaireResponse/5cfc1218-618f-4408-9e3d-a1af7a25aa56</a></p><p><b>policyRule</b>: <span title="Codes:{https://ths-greifswald.de/fhir/CodeSystem/gics/Policy IDAT_speichern_verarbeiten}">Speicherung und Verarbeitung identifizierender Daten (IDAT) in der verantwortlichen Stelle</span></p><blockquote><p><b>provision</b></p><p><b>type</b>: Opt In</p><p><b>period</b>: 2021-06-03 09:47:47+0200 --&gt; 2051-06-03 09:47:47+0200</p><p><b>code</b>: <span title="Codes:{https://ths-greifswald.de/fhir/CodeSystem/gics/Policy IDAT_speichern_verarbeiten}">Speicherung und Verarbeitung identifizierender Daten (IDAT) in der verantwortlichen Stelle</span>, <span title="Codes:{urn:oid:2.16.840.1.113883.3.1937.777.24.5.3 2.16.840.1.113883.3.1937.777.24.5.3.3}">IDAT speichern, verarbeiten</span></p></blockquote></div>
        </text>
        <extension url="http://fhir.de/ConsentManagement/StructureDefinition/DomainReference">
          <extension url="status">
            <valueCoding>
              <system value="http://hl7.org/fhir/publication-status"/>
              <code value="active"/>
            </valueCoding>
          </extension>
        </extension>
        <status value="active"/>
        <scope>
          <coding>
            <system value="http://terminology.hl7.org/CodeSystem/consentscope"/>
            <code value="research"/>
          </coding>
        </scope>
        <category>
          <coding>
            <system value="http://loinc.org"/>
            <code value="57016-8"/>
          </coding>
        </category>
        <category>
          <coding>
            <system value="http://fhir.de/ConsentManagement/CodeSystem/ResultType"/>
            <code value="policy"/>
          </coding>
        </category>
        <patient>
          <reference value="Patient/34d195ef-179f-48dd-b830-d52ea9347157"/>
          <display value="Pseudonym dic_GCC83"/>
        </patient>
        <dateTime value="2021-06-03T00:00:00+02:00"/>
        <sourceReference>
          <reference value="QuestionnaireResponse/5cfc1218-618f-4408-9e3d-a1af7a25aa56"/>
        </sourceReference>
        <policyRule>
          <coding>
            <system value="https://ths-greifswald.de/fhir/CodeSystem/gics/Policy"/>
            <code value="IDAT_speichern_verarbeiten"/>
            <display value="Speicherung und Verarbeitung identifizierender Daten (IDAT) in der verantwortlichen Stelle"/>
          </coding>
        </policyRule>
        <provision>
          <type value="permit"/>
          <period>
            <start value="2021-06-03T09:47:47+02:00"/>
            <end value="2051-06-03T09:47:47+02:00"/>
          </period>
          <code>
            <coding>
              <system value="https://ths-greifswald.de/fhir/CodeSystem/gics/Policy"/>
              <code value="IDAT_speichern_verarbeiten"/>
              <display value="Speicherung und Verarbeitung identifizierender Daten (IDAT) in der verantwortlichen Stelle"/>
            </coding>
          </code>
          <code>
            <coding>
              <system value="urn:oid:2.16.840.1.113883.3.1937.777.24.5.3"/>
              <code value="2.16.840.1.113883.3.1937.777.24.5.3.3"/>
            </coding>
          </code>
        </provision>
      </Consent>
    </resource>
  </entry>
  <entry>
    <fullUrl value="urn:uuid:343a8482-a00f-4ae4-974b-884932bdf44a"/>
    <resource>
      <Consent>
        <id value="343a8482-a00f-4ae4-974b-884932bdf44a"/>
        <meta>
          <lastUpdated value="2021-06-03T09:47:47.361+02:00"/>
          <profile value="https://ths-greifswald.de/fhir/StructureDefinition/gics/Consent"/>
          <profile value="http://fhir.de/ConsentManagement/StructureDefinition/Consent"/>
        </meta>
        <text>
          <status value="extensions"/><div xmlns="http://www.w3.org/1999/xhtml"><a name="Consent_343a8482-a00f-4ae4-974b-884932bdf44a"> </a><p class="res-header-id"><b>Generated Narrative: Consent 343a8482-a00f-4ae4-974b-884932bdf44a</b></p><a name="343a8482-a00f-4ae4-974b-884932bdf44a"> </a><a name="hc343a8482-a00f-4ae4-974b-884932bdf44a"> </a><div style="display: inline-block; background-color: #d9e0e7; padding: 6px; margin: 4px; border: 1px solid #8da1b4; border-radius: 5px; line-height: 60%"><p style="margin-bottom: 0px">Last updated: 2021-06-03 09:47:47+0200</p><p style="margin-bottom: 0px">Profiles: <a href="StructureDefinition-Consent.html">Einwilligungsinformationen</a>, <a href="https://simplifier.net/resolve?scope=de.einwilligungsmanagement@2.0.0&amp;canonical=http://fhir.de/ConsentManagement/StructureDefinition/Consent">Consent Management: Consent</a></p></div><blockquote><p><b>Consent Management Domain Reference</b></p><ul><li>status: <a href="http://hl7.org/fhir/R4/codesystem-publication-status.html#publication-status-active">PublicationStatus active</a>: Active</li></ul></blockquote><p><b>status</b>: Active</p><p><b>scope</b>: <span title="Codes:{http://terminology.hl7.org/CodeSystem/consentscope research}">Research</span></p><p><b>category</b>: <span title="Codes:{http://loinc.org 57016-8}">Privacy policy acknowledgment Document</span>, <span title="Codes:{http://fhir.de/ConsentManagement/CodeSystem/ResultType policy}">Policy</span></p><p><b>patient</b>: <a href="https://simplifier.net/resolve?scope=de.einwilligungsmanagement@2.0.0&amp;canonical=http://fhir.org/packages/de.einwilligungsmanagement/Patient/34d195ef-179f-48dd-b830-d52ea9347157">Pseudonym dic_GCC83</a></p><p><b>dateTime</b>: 2021-06-03 00:00:00+0200</p><p><b>source</b>: <a href="https://simplifier.net/resolve?scope=de.einwilligungsmanagement@2.0.0&amp;canonical=http://fhir.org/packages/de.einwilligungsmanagement/QuestionnaireResponse/5cfc1218-618f-4408-9e3d-a1af7a25aa56">QuestionnaireResponse/5cfc1218-618f-4408-9e3d-a1af7a25aa56</a></p><p><b>policyRule</b>: <span title="Codes:{https://ths-greifswald.de/fhir/CodeSystem/gics/Policy IDAT_zusammenfuehren_Dritte}">Zusammenführung identifizierender Daten (IDAT) mit Dritten Forschungspartnern</span></p><blockquote><p><b>provision</b></p><p><b>type</b>: Opt In</p><p><b>period</b>: 2021-06-03 09:47:47+0200 --&gt; 2051-06-03 09:47:47+0200</p><p><b>code</b>: <span title="Codes:{https://ths-greifswald.de/fhir/CodeSystem/gics/Policy IDAT_zusammenfuehren_Dritte}">Zusammenführung identifizierender Daten (IDAT) mit Dritten Forschungspartnern</span>, <span title="Codes:{urn:oid:2.16.840.1.113883.3.1937.777.24.5.3 2.16.840.1.113883.3.1937.777.24.5.3.4}">IDAT zusammenfuehren Dritte</span></p></blockquote></div>
        </text>
        <extension url="http://fhir.de/ConsentManagement/StructureDefinition/DomainReference">
          <extension url="status">
            <valueCoding>
              <system value="http://hl7.org/fhir/publication-status"/>
              <code value="active"/>
            </valueCoding>
          </extension>
        </extension>
        <status value="active"/>
        <scope>
          <coding>
            <system value="http://terminology.hl7.org/CodeSystem/consentscope"/>
            <code value="research"/>
          </coding>
        </scope>
        <category>
          <coding>
            <system value="http://loinc.org"/>
            <code value="57016-8"/>
          </coding>
        </category>
        <category>
          <coding>
            <system value="http://fhir.de/ConsentManagement/CodeSystem/ResultType"/>
            <code value="policy"/>
          </coding>
        </category>
        <patient>
          <reference value="Patient/34d195ef-179f-48dd-b830-d52ea9347157"/>
          <display value="Pseudonym dic_GCC83"/>
        </patient>
        <dateTime value="2021-06-03T00:00:00+02:00"/>
        <sourceReference>
          <reference value="QuestionnaireResponse/5cfc1218-618f-4408-9e3d-a1af7a25aa56"/>
        </sourceReference>
        <policyRule>
          <coding>
            <system value="https://ths-greifswald.de/fhir/CodeSystem/gics/Policy"/>
            <code value="IDAT_zusammenfuehren_Dritte"/>
            <display value="Zusammenführung identifizierender Daten (IDAT) mit Dritten Forschungspartnern"/>
          </coding>
        </policyRule>
        <provision>
          <type value="permit"/>
          <period>
            <start value="2021-06-03T09:47:47+02:00"/>
            <end value="2051-06-03T09:47:47+02:00"/>
          </period>
          <code>
            <coding>
              <system value="https://ths-greifswald.de/fhir/CodeSystem/gics/Policy"/>
              <code value="IDAT_zusammenfuehren_Dritte"/>
              <display value="Zusammenführung identifizierender Daten (IDAT) mit Dritten Forschungspartnern"/>
            </coding>
          </code>
          <code>
            <coding>
              <system value="urn:oid:2.16.840.1.113883.3.1937.777.24.5.3"/>
              <code value="2.16.840.1.113883.3.1937.777.24.5.3.4"/>
            </coding>
          </code>
        </provision>
      </Consent>
    </resource>
  </entry>
  <entry>
    <fullUrl value="urn:uuid:f250a5a5-20e3-4b6b-97a5-f134b0b34d50"/>
    <resource>
      <Consent>
        <id value="f250a5a5-20e3-4b6b-97a5-f134b0b34d50"/>
        <meta>
          <lastUpdated value="2021-06-03T09:47:47.361+02:00"/>
          <profile value="https://ths-greifswald.de/fhir/StructureDefinition/gics/Consent"/>
          <profile value="http://fhir.de/ConsentManagement/StructureDefinition/Consent"/>
        </meta>
        <text>
          <status value="extensions"/><div xmlns="http://www.w3.org/1999/xhtml"><a name="Consent_f250a5a5-20e3-4b6b-97a5-f134b0b34d50"> </a><p class="res-header-id"><b>Generated Narrative: Consent f250a5a5-20e3-4b6b-97a5-f134b0b34d50</b></p><a name="f250a5a5-20e3-4b6b-97a5-f134b0b34d50"> </a><a name="hcf250a5a5-20e3-4b6b-97a5-f134b0b34d50"> </a><div style="display: inline-block; background-color: #d9e0e7; padding: 6px; margin: 4px; border: 1px solid #8da1b4; border-radius: 5px; line-height: 60%"><p style="margin-bottom: 0px">Last updated: 2021-06-03 09:47:47+0200</p><p style="margin-bottom: 0px">Profiles: <a href="StructureDefinition-Consent.html">Einwilligungsinformationen</a>, <a href="https://simplifier.net/resolve?scope=de.einwilligungsmanagement@2.0.0&amp;canonical=http://fhir.de/ConsentManagement/StructureDefinition/Consent">Consent Management: Consent</a></p></div><blockquote><p><b>Consent Management Domain Reference</b></p><ul><li>status: <a href="http://hl7.org/fhir/R4/codesystem-publication-status.html#publication-status-active">PublicationStatus active</a>: Active</li></ul></blockquote><p><b>status</b>: Active</p><p><b>scope</b>: <span title="Codes:{http://terminology.hl7.org/CodeSystem/consentscope research}">Research</span></p><p><b>category</b>: <span title="Codes:{http://loinc.org 57016-8}">Privacy policy acknowledgment Document</span>, <span title="Codes:{http://fhir.de/ConsentManagement/CodeSystem/ResultType policy}">Policy</span></p><p><b>patient</b>: <a href="https://simplifier.net/resolve?scope=de.einwilligungsmanagement@2.0.0&amp;canonical=http://fhir.org/packages/de.einwilligungsmanagement/Patient/34d195ef-179f-48dd-b830-d52ea9347157">Pseudonym dic_GCC83</a></p><p><b>dateTime</b>: 2021-06-03 00:00:00+0200</p><p><b>source</b>: <a href="https://simplifier.net/resolve?scope=de.einwilligungsmanagement@2.0.0&amp;canonical=http://fhir.org/packages/de.einwilligungsmanagement/QuestionnaireResponse/5cfc1218-618f-4408-9e3d-a1af7a25aa56">QuestionnaireResponse/5cfc1218-618f-4408-9e3d-a1af7a25aa56</a></p><p><b>policyRule</b>: <span title="Codes:{https://ths-greifswald.de/fhir/CodeSystem/gics/Policy MDAT_erheben}">Erfassung medizinischer Daten</span></p><blockquote><p><b>provision</b></p><p><b>type</b>: Opt In</p><p><b>period</b>: 2021-06-03 09:47:47+0200 --&gt; 2026-06-03 09:47:47+0200</p><p><b>code</b>: <span title="Codes:{https://ths-greifswald.de/fhir/CodeSystem/gics/Policy MDAT_erheben}">Erfassung medizinischer Daten</span>, <span title="Codes:{urn:oid:2.16.840.1.113883.3.1937.777.24.5.3 2.16.840.1.113883.3.1937.777.24.5.3.6}">MDAT erheben</span></p></blockquote></div>
        </text>
        <extension url="http://fhir.de/ConsentManagement/StructureDefinition/DomainReference">
          <extension url="status">
            <valueCoding>
              <system value="http://hl7.org/fhir/publication-status"/>
              <code value="active"/>
            </valueCoding>
          </extension>
        </extension>
        <status value="active"/>
        <scope>
          <coding>
            <system value="http://terminology.hl7.org/CodeSystem/consentscope"/>
            <code value="research"/>
          </coding>
        </scope>
        <category>
          <coding>
            <system value="http://loinc.org"/>
            <code value="57016-8"/>
          </coding>
        </category>
        <category>
          <coding>
            <system value="http://fhir.de/ConsentManagement/CodeSystem/ResultType"/>
            <code value="policy"/>
          </coding>
        </category>
        <patient>
          <reference value="Patient/34d195ef-179f-48dd-b830-d52ea9347157"/>
          <display value="Pseudonym dic_GCC83"/>
        </patient>
        <dateTime value="2021-06-03T00:00:00+02:00"/>
        <sourceReference>
          <reference value="QuestionnaireResponse/5cfc1218-618f-4408-9e3d-a1af7a25aa56"/>
        </sourceReference>
        <policyRule>
          <coding>
            <system value="https://ths-greifswald.de/fhir/CodeSystem/gics/Policy"/>
            <code value="MDAT_erheben"/>
            <display value="Erfassung medizinischer Daten"/>
          </coding>
        </policyRule>
        <provision>
          <type value="permit"/>
          <period>
            <start value="2021-06-03T09:47:47+02:00"/>
            <end value="2026-06-03T09:47:47+02:00"/>
          </period>
          <code>
            <coding>
              <system value="https://ths-greifswald.de/fhir/CodeSystem/gics/Policy"/>
              <code value="MDAT_erheben"/>
              <display value="Erfassung medizinischer Daten"/>
            </coding>
          </code>
          <code>
            <coding>
              <system value="urn:oid:2.16.840.1.113883.3.1937.777.24.5.3"/>
              <code value="2.16.840.1.113883.3.1937.777.24.5.3.6"/>
            </coding>
          </code>
        </provision>
      </Consent>
    </resource>
  </entry>
  <entry>
    <fullUrl value="urn:uuid:7159f7db-a76f-41a5-b831-10c972a3a282"/>
    <resource>
      <Consent>
        <id value="7159f7db-a76f-41a5-b831-10c972a3a282"/>
        <meta>
          <lastUpdated value="2021-06-03T09:47:47.361+02:00"/>
          <profile value="https://ths-greifswald.de/fhir/StructureDefinition/gics/Consent"/>
          <profile value="http://fhir.de/ConsentManagement/StructureDefinition/Consent"/>
        </meta>
        <text>
          <status value="extensions"/><div xmlns="http://www.w3.org/1999/xhtml"><a name="Consent_7159f7db-a76f-41a5-b831-10c972a3a282"> </a><p class="res-header-id"><b>Generated Narrative: Consent 7159f7db-a76f-41a5-b831-10c972a3a282</b></p><a name="7159f7db-a76f-41a5-b831-10c972a3a282"> </a><a name="hc7159f7db-a76f-41a5-b831-10c972a3a282"> </a><div style="display: inline-block; background-color: #d9e0e7; padding: 6px; margin: 4px; border: 1px solid #8da1b4; border-radius: 5px; line-height: 60%"><p style="margin-bottom: 0px">Last updated: 2021-06-03 09:47:47+0200</p><p style="margin-bottom: 0px">Profiles: <a href="StructureDefinition-Consent.html">Einwilligungsinformationen</a>, <a href="https://simplifier.net/resolve?scope=de.einwilligungsmanagement@2.0.0&amp;canonical=http://fhir.de/ConsentManagement/StructureDefinition/Consent">Consent Management: Consent</a></p></div><blockquote><p><b>Consent Management Domain Reference</b></p><ul><li>status: <a href="http://hl7.org/fhir/R4/codesystem-publication-status.html#publication-status-active">PublicationStatus active</a>: Active</li></ul></blockquote><p><b>status</b>: Active</p><p><b>scope</b>: <span title="Codes:{http://terminology.hl7.org/CodeSystem/consentscope research}">Research</span></p><p><b>category</b>: <span title="Codes:{http://loinc.org 57016-8}">Privacy policy acknowledgment Document</span>, <span title="Codes:{http://fhir.de/ConsentManagement/CodeSystem/ResultType policy}">Policy</span></p><p><b>patient</b>: <a href="https://simplifier.net/resolve?scope=de.einwilligungsmanagement@2.0.0&amp;canonical=http://fhir.org/packages/de.einwilligungsmanagement/Patient/34d195ef-179f-48dd-b830-d52ea9347157">Pseudonym dic_GCC83</a></p><p><b>dateTime</b>: 2021-06-03 00:00:00+0200</p><p><b>source</b>: <a href="https://simplifier.net/resolve?scope=de.einwilligungsmanagement@2.0.0&amp;canonical=http://fhir.org/packages/de.einwilligungsmanagement/QuestionnaireResponse/5cfc1218-618f-4408-9e3d-a1af7a25aa56">QuestionnaireResponse/5cfc1218-618f-4408-9e3d-a1af7a25aa56</a></p><p><b>policyRule</b>: <span title="Codes:{https://ths-greifswald.de/fhir/CodeSystem/gics/Policy MDAT_GECCO83_bereitstellen_NUM_CODEX}">Medizinische Daten des GECCO83 Datensatz für wiss. Nutzung in NUM-CODEX Plattform bereitstellen</span></p><blockquote><p><b>provision</b></p><p><b>type</b>: Opt In</p><p><b>period</b>: 2021-06-03 09:47:47+0200 --&gt; 2051-06-03 09:47:47+0200</p><p><b>code</b>: <span title="Codes:{https://ths-greifswald.de/fhir/CodeSystem/gics/Policy MDAT_GECCO83_bereitstellen_NUM_CODEX}">Medizinische Daten des GECCO83 Datensatz für wiss. Nutzung in NUM-CODEX Plattform bereitstellen</span>, <span title="Codes:{urn:oid:2.16.840.1.113883.3.1937.777.24.5.3 2.16.840.1.113883.3.1937.777.24.5.3.33}">MDAT GECCO83 bereitstellen NUM/CODEX</span></p></blockquote></div>
        </text>
        <extension url="http://fhir.de/ConsentManagement/StructureDefinition/DomainReference">
          <extension url="status">
            <valueCoding>
              <system value="http://hl7.org/fhir/publication-status"/>
              <code value="active"/>
            </valueCoding>
          </extension>
        </extension>
        <status value="active"/>
        <scope>
          <coding>
            <system value="http://terminology.hl7.org/CodeSystem/consentscope"/>
            <code value="research"/>
          </coding>
        </scope>
        <category>
          <coding>
            <system value="http://loinc.org"/>
            <code value="57016-8"/>
          </coding>
        </category>
        <category>
          <coding>
            <system value="http://fhir.de/ConsentManagement/CodeSystem/ResultType"/>
            <code value="policy"/>
          </coding>
        </category>
        <patient>
          <reference value="Patient/34d195ef-179f-48dd-b830-d52ea9347157"/>
          <display value="Pseudonym dic_GCC83"/>
        </patient>
        <dateTime value="2021-06-03T00:00:00+02:00"/>
        <sourceReference>
          <reference value="QuestionnaireResponse/5cfc1218-618f-4408-9e3d-a1af7a25aa56"/>
        </sourceReference>
        <policyRule>
          <coding>
            <system value="https://ths-greifswald.de/fhir/CodeSystem/gics/Policy"/>
            <code value="MDAT_GECCO83_bereitstellen_NUM_CODEX"/>
            <display value="Medizinische Daten des GECCO83 Datensatz für wiss. Nutzung in NUM-CODEX Plattform bereitstellen"/>
          </coding>
        </policyRule>
        <provision>
          <type value="permit"/>
          <period>
            <start value="2021-06-03T09:47:47+02:00"/>
            <end value="2051-06-03T09:47:47+02:00"/>
          </period>
          <code>
            <coding>
              <system value="https://ths-greifswald.de/fhir/CodeSystem/gics/Policy"/>
              <code value="MDAT_GECCO83_bereitstellen_NUM_CODEX"/>
              <display value="Medizinische Daten des GECCO83 Datensatz für wiss. Nutzung in NUM-CODEX Plattform bereitstellen"/>
            </coding>
          </code>
          <code>
            <coding>
              <system value="urn:oid:2.16.840.1.113883.3.1937.777.24.5.3"/>
              <code value="2.16.840.1.113883.3.1937.777.24.5.3.33"/>
            </coding>
          </code>
        </provision>
      </Consent>
    </resource>
  </entry>
  <entry>
    <fullUrl value="urn:uuid:b790946a-8a5c-48ed-926b-02ab9342e0ab"/>
    <resource>
      <Consent>
        <id value="b790946a-8a5c-48ed-926b-02ab9342e0ab"/>
        <meta>
          <lastUpdated value="2021-06-03T09:47:47.361+02:00"/>
          <profile value="https://ths-greifswald.de/fhir/StructureDefinition/gics/Consent"/>
          <profile value="http://fhir.de/ConsentManagement/StructureDefinition/Consent"/>
        </meta>
        <text>
          <status value="extensions"/><div xmlns="http://www.w3.org/1999/xhtml"><a name="Consent_b790946a-8a5c-48ed-926b-02ab9342e0ab"> </a><p class="res-header-id"><b>Generated Narrative: Consent b790946a-8a5c-48ed-926b-02ab9342e0ab</b></p><a name="b790946a-8a5c-48ed-926b-02ab9342e0ab"> </a><a name="hcb790946a-8a5c-48ed-926b-02ab9342e0ab"> </a><div style="display: inline-block; background-color: #d9e0e7; padding: 6px; margin: 4px; border: 1px solid #8da1b4; border-radius: 5px; line-height: 60%"><p style="margin-bottom: 0px">Last updated: 2021-06-03 09:47:47+0200</p><p style="margin-bottom: 0px">Profiles: <a href="StructureDefinition-Consent.html">Einwilligungsinformationen</a>, <a href="https://simplifier.net/resolve?scope=de.einwilligungsmanagement@2.0.0&amp;canonical=http://fhir.de/ConsentManagement/StructureDefinition/Consent">Consent Management: Consent</a></p></div><blockquote><p><b>Consent Management Domain Reference</b></p><ul><li>status: <a href="http://hl7.org/fhir/R4/codesystem-publication-status.html#publication-status-active">PublicationStatus active</a>: Active</li></ul></blockquote><p><b>status</b>: Active</p><p><b>scope</b>: <span title="Codes:{http://terminology.hl7.org/CodeSystem/consentscope research}">Research</span></p><p><b>category</b>: <span title="Codes:{http://loinc.org 57016-8}">Privacy policy acknowledgment Document</span>, <span title="Codes:{http://fhir.de/ConsentManagement/CodeSystem/ResultType policy}">Policy</span></p><p><b>patient</b>: <a href="https://simplifier.net/resolve?scope=de.einwilligungsmanagement@2.0.0&amp;canonical=http://fhir.org/packages/de.einwilligungsmanagement/Patient/34d195ef-179f-48dd-b830-d52ea9347157">Pseudonym dic_GCC83</a></p><p><b>dateTime</b>: 2021-06-03 00:00:00+0200</p><p><b>source</b>: <a href="https://simplifier.net/resolve?scope=de.einwilligungsmanagement@2.0.0&amp;canonical=http://fhir.org/packages/de.einwilligungsmanagement/QuestionnaireResponse/5cfc1218-618f-4408-9e3d-a1af7a25aa56">QuestionnaireResponse/5cfc1218-618f-4408-9e3d-a1af7a25aa56</a></p><p><b>policyRule</b>: <span title="Codes:{https://ths-greifswald.de/fhir/CodeSystem/gics/Policy MDAT_GECCO83_bereitstellen_NUM_CODEX_non_EU_DSGVO_NIVEAU}">Medizinische Daten des GECCO83 Datensatz an Länder ohne EU Datenschutzniveau weitergeben</span></p><blockquote><p><b>provision</b></p><p><b>type</b>: Opt In</p><p><b>period</b>: 2021-06-03 09:47:47+0200 --&gt; 2051-06-03 09:47:47+0200</p><p><b>code</b>: <span title="Codes:{https://ths-greifswald.de/fhir/CodeSystem/gics/Policy MDAT_GECCO83_bereitstellen_NUM_CODEX_non_EU_DSGVO_NIVEAU}">Medizinische Daten des GECCO83 Datensatz an Länder ohne EU Datenschutzniveau weitergeben</span>, <span title="Codes:{urn:oid:2.16.840.1.113883.3.1937.777.24.5.3 2.16.840.1.113883.3.1937.777.24.5.3.36}">MDAT GECCO83 bereitstellen NUM/CODEX ohne EU DSGVO NIVEAU</span></p></blockquote></div>
        </text>
        <extension url="http://fhir.de/ConsentManagement/StructureDefinition/DomainReference">
          <extension url="status">
            <valueCoding>
              <system value="http://hl7.org/fhir/publication-status"/>
              <code value="active"/>
            </valueCoding>
          </extension>
        </extension>
        <status value="active"/>
        <scope>
          <coding>
            <system value="http://terminology.hl7.org/CodeSystem/consentscope"/>
            <code value="research"/>
          </coding>
        </scope>
        <category>
          <coding>
            <system value="http://loinc.org"/>
            <code value="57016-8"/>
          </coding>
        </category>
        <category>
          <coding>
            <system value="http://fhir.de/ConsentManagement/CodeSystem/ResultType"/>
            <code value="policy"/>
          </coding>
        </category>
        <patient>
          <reference value="Patient/34d195ef-179f-48dd-b830-d52ea9347157"/>
          <display value="Pseudonym dic_GCC83"/>
        </patient>
        <dateTime value="2021-06-03T00:00:00+02:00"/>
        <sourceReference>
          <reference value="QuestionnaireResponse/5cfc1218-618f-4408-9e3d-a1af7a25aa56"/>
        </sourceReference>
        <policyRule>
          <coding>
            <system value="https://ths-greifswald.de/fhir/CodeSystem/gics/Policy"/>
            <code value="MDAT_GECCO83_bereitstellen_NUM_CODEX_non_EU_DSGVO_NIVEAU"/>
            <display value="Medizinische Daten des GECCO83 Datensatz an Länder ohne EU Datenschutzniveau weitergeben"/>
          </coding>
        </policyRule>
        <provision>
          <type value="permit"/>
          <period>
            <start value="2021-06-03T09:47:47+02:00"/>
            <end value="2051-06-03T09:47:47+02:00"/>
          </period>
          <code>
            <coding>
              <system value="https://ths-greifswald.de/fhir/CodeSystem/gics/Policy"/>
              <code value="MDAT_GECCO83_bereitstellen_NUM_CODEX_non_EU_DSGVO_NIVEAU"/>
              <display value="Medizinische Daten des GECCO83 Datensatz an Länder ohne EU Datenschutzniveau weitergeben"/>
            </coding>
          </code>
          <code>
            <coding>
              <system value="urn:oid:2.16.840.1.113883.3.1937.777.24.5.3"/>
              <code value="2.16.840.1.113883.3.1937.777.24.5.3.36"/>
            </coding>
          </code>
        </provision>
      </Consent>
    </resource>
  </entry>
  <entry>
    <fullUrl value="urn:uuid:29e8f702-9949-48d0-82b8-64afae92354e"/>
    <resource>
      <Consent>
        <id value="29e8f702-9949-48d0-82b8-64afae92354e"/>
        <meta>
          <lastUpdated value="2021-06-03T09:47:47.361+02:00"/>
          <profile value="https://ths-greifswald.de/fhir/StructureDefinition/gics/Consent"/>
          <profile value="http://fhir.de/ConsentManagement/StructureDefinition/Consent"/>
        </meta>
        <text>
          <status value="extensions"/><div xmlns="http://www.w3.org/1999/xhtml"><a name="Consent_29e8f702-9949-48d0-82b8-64afae92354e"> </a><p class="res-header-id"><b>Generated Narrative: Consent 29e8f702-9949-48d0-82b8-64afae92354e</b></p><a name="29e8f702-9949-48d0-82b8-64afae92354e"> </a><a name="hc29e8f702-9949-48d0-82b8-64afae92354e"> </a><div style="display: inline-block; background-color: #d9e0e7; padding: 6px; margin: 4px; border: 1px solid #8da1b4; border-radius: 5px; line-height: 60%"><p style="margin-bottom: 0px">Last updated: 2021-06-03 09:47:47+0200</p><p style="margin-bottom: 0px">Profiles: <a href="StructureDefinition-Consent.html">Einwilligungsinformationen</a>, <a href="https://simplifier.net/resolve?scope=de.einwilligungsmanagement@2.0.0&amp;canonical=http://fhir.de/ConsentManagement/StructureDefinition/Consent">Consent Management: Consent</a></p></div><blockquote><p><b>Consent Management Domain Reference</b></p><ul><li>status: <a href="http://hl7.org/fhir/R4/codesystem-publication-status.html#publication-status-active">PublicationStatus active</a>: Active</li></ul></blockquote><p><b>status</b>: Active</p><p><b>scope</b>: <span title="Codes:{http://terminology.hl7.org/CodeSystem/consentscope research}">Research</span></p><p><b>category</b>: <span title="Codes:{http://loinc.org 57016-8}">Privacy policy acknowledgment Document</span>, <span title="Codes:{http://fhir.de/ConsentManagement/CodeSystem/ResultType policy}">Policy</span></p><p><b>patient</b>: <a href="https://simplifier.net/resolve?scope=de.einwilligungsmanagement@2.0.0&amp;canonical=http://fhir.org/packages/de.einwilligungsmanagement/Patient/34d195ef-179f-48dd-b830-d52ea9347157">Pseudonym dic_GCC83</a></p><p><b>dateTime</b>: 2021-06-03 00:00:00+0200</p><p><b>source</b>: <a href="https://simplifier.net/resolve?scope=de.einwilligungsmanagement@2.0.0&amp;canonical=http://fhir.org/packages/de.einwilligungsmanagement/QuestionnaireResponse/5cfc1218-618f-4408-9e3d-a1af7a25aa56">QuestionnaireResponse/5cfc1218-618f-4408-9e3d-a1af7a25aa56</a></p><p><b>policyRule</b>: <span title="Codes:{https://ths-greifswald.de/fhir/CodeSystem/gics/Policy MDAT_GECCO83_speichern_verarbeiten_NUM_CODEX}">Medizinische Daten des GECCO83 Datensatz in NUM-CODEX Plattform speichern und verarbeiten</span></p><blockquote><p><b>provision</b></p><p><b>type</b>: Opt In</p><p><b>period</b>: 2021-06-03 09:47:47+0200 --&gt; 2051-06-03 09:47:47+0200</p><p><b>code</b>: <span title="Codes:{https://ths-greifswald.de/fhir/CodeSystem/gics/Policy MDAT_GECCO83_speichern_verarbeiten_NUM_CODEX}">Medizinische Daten des GECCO83 Datensatz in NUM-CODEX Plattform speichern und verarbeiten</span>, <span title="Codes:{urn:oid:2.16.840.1.113883.3.1937.777.24.5.3 2.16.840.1.113883.3.1937.777.24.5.3.34}">MDAT GECCO83 speichern verarbeiten NUM/CODEX</span></p></blockquote></div>
        </text>
        <extension url="http://fhir.de/ConsentManagement/StructureDefinition/DomainReference">
          <extension url="status">
            <valueCoding>
              <system value="http://hl7.org/fhir/publication-status"/>
              <code value="active"/>
            </valueCoding>
          </extension>
        </extension>
        <status value="active"/>
        <scope>
          <coding>
            <system value="http://terminology.hl7.org/CodeSystem/consentscope"/>
            <code value="research"/>
          </coding>
        </scope>
        <category>
          <coding>
            <system value="http://loinc.org"/>
            <code value="57016-8"/>
          </coding>
        </category>
        <category>
          <coding>
            <system value="http://fhir.de/ConsentManagement/CodeSystem/ResultType"/>
            <code value="policy"/>
          </coding>
        </category>
        <patient>
          <reference value="Patient/34d195ef-179f-48dd-b830-d52ea9347157"/>
          <display value="Pseudonym dic_GCC83"/>
        </patient>
        <dateTime value="2021-06-03T00:00:00+02:00"/>
        <sourceReference>
          <reference value="QuestionnaireResponse/5cfc1218-618f-4408-9e3d-a1af7a25aa56"/>
        </sourceReference>
        <policyRule>
          <coding>
            <system value="https://ths-greifswald.de/fhir/CodeSystem/gics/Policy"/>
            <code value="MDAT_GECCO83_speichern_verarbeiten_NUM_CODEX"/>
            <display value="Medizinische Daten des GECCO83 Datensatz in NUM-CODEX Plattform speichern und verarbeiten"/>
          </coding>
        </policyRule>
        <provision>
          <type value="permit"/>
          <period>
            <start value="2021-06-03T09:47:47+02:00"/>
            <end value="2051-06-03T09:47:47+02:00"/>
          </period>
          <code>
            <coding>
              <system value="https://ths-greifswald.de/fhir/CodeSystem/gics/Policy"/>
              <code value="MDAT_GECCO83_speichern_verarbeiten_NUM_CODEX"/>
              <display value="Medizinische Daten des GECCO83 Datensatz in NUM-CODEX Plattform speichern und verarbeiten"/>
            </coding>
          </code>
          <code>
            <coding>
              <system value="urn:oid:2.16.840.1.113883.3.1937.777.24.5.3"/>
              <code value="2.16.840.1.113883.3.1937.777.24.5.3.34"/>
            </coding>
          </code>
        </provision>
      </Consent>
    </resource>
  </entry>
  <entry>
    <fullUrl value="urn:uuid:7726b2ea-ea25-4848-a666-2135bf384cff"/>
    <resource>
      <Consent>
        <id value="7726b2ea-ea25-4848-a666-2135bf384cff"/>
        <meta>
          <lastUpdated value="2021-06-03T09:47:47.361+02:00"/>
          <profile value="https://ths-greifswald.de/fhir/StructureDefinition/gics/Consent"/>
          <profile value="http://fhir.de/ConsentManagement/StructureDefinition/Consent"/>
        </meta>
        <text>
          <status value="extensions"/><div xmlns="http://www.w3.org/1999/xhtml"><a name="Consent_7726b2ea-ea25-4848-a666-2135bf384cff"> </a><p class="res-header-id"><b>Generated Narrative: Consent 7726b2ea-ea25-4848-a666-2135bf384cff</b></p><a name="7726b2ea-ea25-4848-a666-2135bf384cff"> </a><a name="hc7726b2ea-ea25-4848-a666-2135bf384cff"> </a><div style="display: inline-block; background-color: #d9e0e7; padding: 6px; margin: 4px; border: 1px solid #8da1b4; border-radius: 5px; line-height: 60%"><p style="margin-bottom: 0px">Last updated: 2021-06-03 09:47:47+0200</p><p style="margin-bottom: 0px">Profiles: <a href="StructureDefinition-Consent.html">Einwilligungsinformationen</a>, <a href="https://simplifier.net/resolve?scope=de.einwilligungsmanagement@2.0.0&amp;canonical=http://fhir.de/ConsentManagement/StructureDefinition/Consent">Consent Management: Consent</a></p></div><blockquote><p><b>Consent Management Domain Reference</b></p><ul><li>status: <a href="http://hl7.org/fhir/R4/codesystem-publication-status.html#publication-status-active">PublicationStatus active</a>: Active</li></ul></blockquote><p><b>status</b>: Active</p><p><b>scope</b>: <span title="Codes:{http://terminology.hl7.org/CodeSystem/consentscope research}">Research</span></p><p><b>category</b>: <span title="Codes:{http://loinc.org 57016-8}">Privacy policy acknowledgment Document</span>, <span title="Codes:{http://fhir.de/ConsentManagement/CodeSystem/ResultType policy}">Policy</span></p><p><b>patient</b>: <a href="https://simplifier.net/resolve?scope=de.einwilligungsmanagement@2.0.0&amp;canonical=http://fhir.org/packages/de.einwilligungsmanagement/Patient/34d195ef-179f-48dd-b830-d52ea9347157">Pseudonym dic_GCC83</a></p><p><b>dateTime</b>: 2021-06-03 00:00:00+0200</p><p><b>source</b>: <a href="https://simplifier.net/resolve?scope=de.einwilligungsmanagement@2.0.0&amp;canonical=http://fhir.org/packages/de.einwilligungsmanagement/QuestionnaireResponse/5cfc1218-618f-4408-9e3d-a1af7a25aa56">QuestionnaireResponse/5cfc1218-618f-4408-9e3d-a1af7a25aa56</a></p><p><b>policyRule</b>: <span title="Codes:{https://mii.de/fhir/CodeSystem/gics/Policy/MII MDAT_GECCO83_wissenschaftlich_nutzen_COVID_19_Forschung_EU_DSGVO_konform}">Nutzung des Covid-19-Datensatzes auf der im Rahmen des Projekts NUM-CODEX aufgebauten zentralen Datenplattform für die COVID-19-Forschung</span></p><h3>Provisions</h3><table class="grid"><tr><td style="display: none">-</td><td><b>Type</b></td><td><b>Period</b></td><td><b>Code</b></td></tr><tr><td style="display: none">*</td><td>Opt In</td><td>2021-06-03 09:47:47+0200 --&gt; 2051-06-03 09:47:47+0200</td><td><span title="Codes:{https://mii.de/fhir/CodeSystem/gics/Policy/MII MDAT_GECCO83_wissenschaftlich_nutzen_COVID_19_Forschung_EU_DSGVO_konform}">Nutzung des Covid-19-Datensatzes auf der im Rahmen des Projekts NUM-CODEX aufgebauten zentralen Datenplattform für die COVID-19-Forschung</span></td></tr></table></div>
        </text>
        <extension url="http://fhir.de/ConsentManagement/StructureDefinition/DomainReference">
          <extension url="status">
            <valueCoding>
              <system value="http://hl7.org/fhir/publication-status"/>
              <code value="active"/>
            </valueCoding>
          </extension>
        </extension>
        <status value="active"/>
        <scope>
          <coding>
            <system value="http://terminology.hl7.org/CodeSystem/consentscope"/>
            <code value="research"/>
          </coding>
        </scope>
        <category>
          <coding>
            <system value="http://loinc.org"/>
            <code value="57016-8"/>
          </coding>
        </category>
        <category>
          <coding>
            <system value="http://fhir.de/ConsentManagement/CodeSystem/ResultType"/>
            <code value="policy"/>
          </coding>
        </category>
        <patient>
          <reference value="Patient/34d195ef-179f-48dd-b830-d52ea9347157"/>
          <display value="Pseudonym dic_GCC83"/>
        </patient>
        <dateTime value="2021-06-03T00:00:00+02:00"/>
        <sourceReference>
          <reference value="QuestionnaireResponse/5cfc1218-618f-4408-9e3d-a1af7a25aa56"/>
        </sourceReference>
        <policyRule>
          <coding>
            <system value="https://mii.de/fhir/CodeSystem/gics/Policy/MII"/>
            <code value="MDAT_GECCO83_wissenschaftlich_nutzen_COVID_19_Forschung_EU_DSGVO_konform"/>
            <display value="Nutzung des Covid-19-Datensatzes auf der im Rahmen des Projekts NUM-CODEX aufgebauten zentralen Datenplattform für die COVID-19-Forschung"/>
          </coding>
        </policyRule>
        <provision>
          <type value="permit"/>
          <period>
            <start value="2021-06-03T09:47:47+02:00"/>
            <end value="2051-06-03T09:47:47+02:00"/>
          </period>
          <code>
            <coding>
              <system value="https://mii.de/fhir/CodeSystem/gics/Policy/MII"/>
              <code value="MDAT_GECCO83_wissenschaftlich_nutzen_COVID_19_Forschung_EU_DSGVO_konform"/>
              <display value="Nutzung des Covid-19-Datensatzes auf der im Rahmen des Projekts NUM-CODEX aufgebauten zentralen Datenplattform für die COVID-19-Forschung"/>
            </coding>
          </code>
        </provision>
      </Consent>
    </resource>
  </entry>
  <entry>
    <fullUrl value="urn:uuid:3fc1cb1f-e37c-4c5a-9b46-c6edc1459aa6"/>
    <resource>
      <Consent>
        <id value="3fc1cb1f-e37c-4c5a-9b46-c6edc1459aa6"/>
        <meta>
          <lastUpdated value="2021-06-03T09:47:47.361+02:00"/>
          <profile value="https://ths-greifswald.de/fhir/StructureDefinition/gics/Consent"/>
          <profile value="http://fhir.de/ConsentManagement/StructureDefinition/Consent"/>
        </meta>
        <text>
          <status value="extensions"/><div xmlns="http://www.w3.org/1999/xhtml"><a name="Consent_3fc1cb1f-e37c-4c5a-9b46-c6edc1459aa6"> </a><p class="res-header-id"><b>Generated Narrative: Consent 3fc1cb1f-e37c-4c5a-9b46-c6edc1459aa6</b></p><a name="3fc1cb1f-e37c-4c5a-9b46-c6edc1459aa6"> </a><a name="hc3fc1cb1f-e37c-4c5a-9b46-c6edc1459aa6"> </a><div style="display: inline-block; background-color: #d9e0e7; padding: 6px; margin: 4px; border: 1px solid #8da1b4; border-radius: 5px; line-height: 60%"><p style="margin-bottom: 0px">Last updated: 2021-06-03 09:47:47+0200</p><p style="margin-bottom: 0px">Profiles: <a href="StructureDefinition-Consent.html">Einwilligungsinformationen</a>, <a href="https://simplifier.net/resolve?scope=de.einwilligungsmanagement@2.0.0&amp;canonical=http://fhir.de/ConsentManagement/StructureDefinition/Consent">Consent Management: Consent</a></p></div><blockquote><p><b>Consent Management Domain Reference</b></p><ul><li>status: <a href="http://hl7.org/fhir/R4/codesystem-publication-status.html#publication-status-active">PublicationStatus active</a>: Active</li></ul></blockquote><p><b>status</b>: Active</p><p><b>scope</b>: <span title="Codes:{http://terminology.hl7.org/CodeSystem/consentscope research}">Research</span></p><p><b>category</b>: <span title="Codes:{http://loinc.org 57016-8}">Privacy policy acknowledgment Document</span>, <span title="Codes:{http://fhir.de/ConsentManagement/CodeSystem/ResultType policy}">Policy</span></p><p><b>patient</b>: <a href="https://simplifier.net/resolve?scope=de.einwilligungsmanagement@2.0.0&amp;canonical=http://fhir.org/packages/de.einwilligungsmanagement/Patient/34d195ef-179f-48dd-b830-d52ea9347157">Pseudonym dic_GCC83</a></p><p><b>dateTime</b>: 2021-06-03 00:00:00+0200</p><p><b>source</b>: <a href="https://simplifier.net/resolve?scope=de.einwilligungsmanagement@2.0.0&amp;canonical=http://fhir.org/packages/de.einwilligungsmanagement/QuestionnaireResponse/5cfc1218-618f-4408-9e3d-a1af7a25aa56">QuestionnaireResponse/5cfc1218-618f-4408-9e3d-a1af7a25aa56</a></p><p><b>policyRule</b>: <span title="Codes:{https://mii.de/fhir/CodeSystem/gics/Policy/MII MDAT_GECCO83_wissenschaftlich_nutzen_Pandemie_Forschung_EU_DSGVO_konform}">Nutzung des Covid-19-Datensatzes auf der im Rahmen des Projekts NUM-CODEX aufgebauten zentralen Datenplattform für die Pandemie-Forschung</span></p><h3>Provisions</h3><table class="grid"><tr><td style="display: none">-</td><td><b>Type</b></td><td><b>Period</b></td><td><b>Code</b></td></tr><tr><td style="display: none">*</td><td>Opt In</td><td>2021-06-03 09:47:47+0200 --&gt; 2051-06-03 09:47:47+0200</td><td><span title="Codes:{https://mii.de/fhir/CodeSystem/gics/Policy/MII MDAT_GECCO83_wissenschaftlich_nutzen_Pandemie_Forschung_EU_DSGVO_konform}">Nutzung des Covid-19-Datensatzes auf der im Rahmen des Projekts NUM-CODEX aufgebauten zentralen Datenplattform für die Pandemie-Forschung</span></td></tr></table></div>
        </text>
        <extension url="http://fhir.de/ConsentManagement/StructureDefinition/DomainReference">
          <extension url="status">
            <valueCoding>
              <system value="http://hl7.org/fhir/publication-status"/>
              <code value="active"/>
            </valueCoding>
          </extension>
        </extension>
        <status value="active"/>
        <scope>
          <coding>
            <system value="http://terminology.hl7.org/CodeSystem/consentscope"/>
            <code value="research"/>
          </coding>
        </scope>
        <category>
          <coding>
            <system value="http://loinc.org"/>
            <code value="57016-8"/>
          </coding>
        </category>
        <category>
          <coding>
            <system value="http://fhir.de/ConsentManagement/CodeSystem/ResultType"/>
            <code value="policy"/>
          </coding>
        </category>
        <patient>
          <reference value="Patient/34d195ef-179f-48dd-b830-d52ea9347157"/>
          <display value="Pseudonym dic_GCC83"/>
        </patient>
        <dateTime value="2021-06-03T00:00:00+02:00"/>
        <sourceReference>
          <reference value="QuestionnaireResponse/5cfc1218-618f-4408-9e3d-a1af7a25aa56"/>
        </sourceReference>
        <policyRule>
          <coding>
            <system value="https://mii.de/fhir/CodeSystem/gics/Policy/MII"/>
            <code value="MDAT_GECCO83_wissenschaftlich_nutzen_Pandemie_Forschung_EU_DSGVO_konform"/>
            <display value="Nutzung des Covid-19-Datensatzes auf der im Rahmen des Projekts NUM-CODEX aufgebauten zentralen Datenplattform für die Pandemie-Forschung"/>
          </coding>
        </policyRule>
        <provision>
          <type value="permit"/>
          <period>
            <start value="2021-06-03T09:47:47+02:00"/>
            <end value="2051-06-03T09:47:47+02:00"/>
          </period>
          <code>
            <coding>
              <system value="https://mii.de/fhir/CodeSystem/gics/Policy/MII"/>
              <code value="MDAT_GECCO83_wissenschaftlich_nutzen_Pandemie_Forschung_EU_DSGVO_konform"/>
              <display value="Nutzung des Covid-19-Datensatzes auf der im Rahmen des Projekts NUM-CODEX aufgebauten zentralen Datenplattform für die Pandemie-Forschung"/>
            </coding>
          </code>
        </provision>
      </Consent>
    </resource>
  </entry>
  <entry>
    <fullUrl value="urn:uuid:9d317d12-e34f-4b4f-a9c1-693ecf7e1615"/>
    <resource>
      <Consent>
        <id value="9d317d12-e34f-4b4f-a9c1-693ecf7e1615"/>
        <meta>
          <lastUpdated value="2021-06-03T09:47:47.361+02:00"/>
          <profile value="https://ths-greifswald.de/fhir/StructureDefinition/gics/Consent"/>
          <profile value="http://fhir.de/ConsentManagement/StructureDefinition/Consent"/>
        </meta>
        <text>
          <status value="extensions"/><div xmlns="http://www.w3.org/1999/xhtml"><a name="Consent_9d317d12-e34f-4b4f-a9c1-693ecf7e1615"> </a><p class="res-header-id"><b>Generated Narrative: Consent 9d317d12-e34f-4b4f-a9c1-693ecf7e1615</b></p><a name="9d317d12-e34f-4b4f-a9c1-693ecf7e1615"> </a><a name="hc9d317d12-e34f-4b4f-a9c1-693ecf7e1615"> </a><div style="display: inline-block; background-color: #d9e0e7; padding: 6px; margin: 4px; border: 1px solid #8da1b4; border-radius: 5px; line-height: 60%"><p style="margin-bottom: 0px">Last updated: 2021-06-03 09:47:47+0200</p><p style="margin-bottom: 0px">Profiles: <a href="StructureDefinition-Consent.html">Einwilligungsinformationen</a>, <a href="https://simplifier.net/resolve?scope=de.einwilligungsmanagement@2.0.0&amp;canonical=http://fhir.de/ConsentManagement/StructureDefinition/Consent">Consent Management: Consent</a></p></div><blockquote><p><b>Consent Management Domain Reference</b></p><ul><li>status: <a href="http://hl7.org/fhir/R4/codesystem-publication-status.html#publication-status-active">PublicationStatus active</a>: Active</li></ul></blockquote><p><b>status</b>: Active</p><p><b>scope</b>: <span title="Codes:{http://terminology.hl7.org/CodeSystem/consentscope research}">Research</span></p><p><b>category</b>: <span title="Codes:{http://loinc.org 57016-8}">Privacy policy acknowledgment Document</span>, <span title="Codes:{http://fhir.de/ConsentManagement/CodeSystem/ResultType policy}">Policy</span></p><p><b>patient</b>: <a href="https://simplifier.net/resolve?scope=de.einwilligungsmanagement@2.0.0&amp;canonical=http://fhir.org/packages/de.einwilligungsmanagement/Patient/34d195ef-179f-48dd-b830-d52ea9347157">Pseudonym dic_GCC83</a></p><p><b>dateTime</b>: 2021-06-03 00:00:00+0200</p><p><b>source</b>: <a href="https://simplifier.net/resolve?scope=de.einwilligungsmanagement@2.0.0&amp;canonical=http://fhir.org/packages/de.einwilligungsmanagement/QuestionnaireResponse/5cfc1218-618f-4408-9e3d-a1af7a25aa56">QuestionnaireResponse/5cfc1218-618f-4408-9e3d-a1af7a25aa56</a></p><p><b>policyRule</b>: <span title="Codes:{https://ths-greifswald.de/fhir/CodeSystem/gics/Policy MDAT_speichern_verarbeiten}">Speicherung_Verarbeitung von medizinischen Daten innerhalb der verantwortlichen Stelle (MDAT)</span></p><blockquote><p><b>provision</b></p><p><b>type</b>: Opt In</p><p><b>period</b>: 2021-06-03 09:47:47+0200 --&gt; 2051-06-03 09:47:47+0200</p><p><b>code</b>: <span title="Codes:{https://ths-greifswald.de/fhir/CodeSystem/gics/Policy MDAT_speichern_verarbeiten}">Speicherung_Verarbeitung von medizinischen Daten innerhalb der verantwortlichen Stelle (MDAT)</span>, <span title="Codes:{urn:oid:2.16.840.1.113883.3.1937.777.24.5.3 2.16.840.1.113883.3.1937.777.24.5.3.7}">MDAT speichern, verarbeiten</span></p></blockquote></div>
        </text>
        <extension url="http://fhir.de/ConsentManagement/StructureDefinition/DomainReference">
          <extension url="status">
            <valueCoding>
              <system value="http://hl7.org/fhir/publication-status"/>
              <code value="active"/>
            </valueCoding>
          </extension>
        </extension>
        <status value="active"/>
        <scope>
          <coding>
            <system value="http://terminology.hl7.org/CodeSystem/consentscope"/>
            <code value="research"/>
          </coding>
        </scope>
        <category>
          <coding>
            <system value="http://loinc.org"/>
            <code value="57016-8"/>
          </coding>
        </category>
        <category>
          <coding>
            <system value="http://fhir.de/ConsentManagement/CodeSystem/ResultType"/>
            <code value="policy"/>
          </coding>
        </category>
        <patient>
          <reference value="Patient/34d195ef-179f-48dd-b830-d52ea9347157"/>
          <display value="Pseudonym dic_GCC83"/>
        </patient>
        <dateTime value="2021-06-03T00:00:00+02:00"/>
        <sourceReference>
          <reference value="QuestionnaireResponse/5cfc1218-618f-4408-9e3d-a1af7a25aa56"/>
        </sourceReference>
        <policyRule>
          <coding>
            <system value="https://ths-greifswald.de/fhir/CodeSystem/gics/Policy"/>
            <code value="MDAT_speichern_verarbeiten"/>
            <display value="Speicherung_Verarbeitung von medizinischen Daten innerhalb der verantwortlichen Stelle (MDAT)"/>
          </coding>
        </policyRule>
        <provision>
          <type value="permit"/>
          <period>
            <start value="2021-06-03T09:47:47+02:00"/>
            <end value="2051-06-03T09:47:47+02:00"/>
          </period>
          <code>
            <coding>
              <system value="https://ths-greifswald.de/fhir/CodeSystem/gics/Policy"/>
              <code value="MDAT_speichern_verarbeiten"/>
              <display value="Speicherung_Verarbeitung von medizinischen Daten innerhalb der verantwortlichen Stelle (MDAT)"/>
            </coding>
          </code>
          <code>
            <coding>
              <system value="urn:oid:2.16.840.1.113883.3.1937.777.24.5.3"/>
              <code value="2.16.840.1.113883.3.1937.777.24.5.3.7"/>
            </coding>
          </code>
        </provision>
      </Consent>
    </resource>
  </entry>
  <entry>
    <fullUrl value="urn:uuid:8fead334-f5a9-4025-b604-5e38f9ad44c3"/>
    <resource>
      <Consent>
        <id value="8fead334-f5a9-4025-b604-5e38f9ad44c3"/>
        <meta>
          <lastUpdated value="2021-06-03T09:47:47.361+02:00"/>
          <profile value="https://ths-greifswald.de/fhir/StructureDefinition/gics/Consent"/>
          <profile value="http://fhir.de/ConsentManagement/StructureDefinition/Consent"/>
        </meta>
        <text>
          <status value="extensions"/><div xmlns="http://www.w3.org/1999/xhtml"><a name="Consent_8fead334-f5a9-4025-b604-5e38f9ad44c3"> </a><p class="res-header-id"><b>Generated Narrative: Consent 8fead334-f5a9-4025-b604-5e38f9ad44c3</b></p><a name="8fead334-f5a9-4025-b604-5e38f9ad44c3"> </a><a name="hc8fead334-f5a9-4025-b604-5e38f9ad44c3"> </a><div style="display: inline-block; background-color: #d9e0e7; padding: 6px; margin: 4px; border: 1px solid #8da1b4; border-radius: 5px; line-height: 60%"><p style="margin-bottom: 0px">Last updated: 2021-06-03 09:47:47+0200</p><p style="margin-bottom: 0px">Profiles: <a href="StructureDefinition-Consent.html">Einwilligungsinformationen</a>, <a href="https://simplifier.net/resolve?scope=de.einwilligungsmanagement@2.0.0&amp;canonical=http://fhir.de/ConsentManagement/StructureDefinition/Consent">Consent Management: Consent</a></p></div><blockquote><p><b>Consent Management Domain Reference</b></p><ul><li>status: <a href="http://hl7.org/fhir/R4/codesystem-publication-status.html#publication-status-active">PublicationStatus active</a>: Active</li></ul></blockquote><p><b>status</b>: Active</p><p><b>scope</b>: <span title="Codes:{http://terminology.hl7.org/CodeSystem/consentscope research}">Research</span></p><p><b>category</b>: <span title="Codes:{http://loinc.org 57016-8}">Privacy policy acknowledgment Document</span>, <span title="Codes:{http://fhir.de/ConsentManagement/CodeSystem/ResultType policy}">Policy</span></p><p><b>patient</b>: <a href="https://simplifier.net/resolve?scope=de.einwilligungsmanagement@2.0.0&amp;canonical=http://fhir.org/packages/de.einwilligungsmanagement/Patient/34d195ef-179f-48dd-b830-d52ea9347157">Pseudonym dic_GCC83</a></p><p><b>dateTime</b>: 2021-06-03 00:00:00+0200</p><p><b>source</b>: <a href="https://simplifier.net/resolve?scope=de.einwilligungsmanagement@2.0.0&amp;canonical=http://fhir.org/packages/de.einwilligungsmanagement/QuestionnaireResponse/5cfc1218-618f-4408-9e3d-a1af7a25aa56">QuestionnaireResponse/5cfc1218-618f-4408-9e3d-a1af7a25aa56</a></p><p><b>policyRule</b>: <span title="Codes:{https://ths-greifswald.de/fhir/CodeSystem/gics/Policy MDAT_wissenschaftlich_nutzen_EU_DSGVO_NIVEAU}">Bereitstellung medizinischer Daten (MDAT) für wissenschaftliche Nutzung </span></p><blockquote><p><b>provision</b></p><p><b>type</b>: Opt In</p><p><b>period</b>: 2021-06-03 09:47:47+0200 --&gt; 2051-06-03 09:47:47+0200</p><p><b>code</b>: <span title="Codes:{https://ths-greifswald.de/fhir/CodeSystem/gics/Policy MDAT_wissenschaftlich_nutzen_EU_DSGVO_NIVEAU}">Bereitstellung medizinischer Daten (MDAT) für wissenschaftliche Nutzung </span>, <span title="Codes:{urn:oid:2.16.840.1.113883.3.1937.777.24.5.3 2.16.840.1.113883.3.1937.777.24.5.3.8}">MDAT wissenschaftlich nutzen EU DSGVO NIVEAU</span></p></blockquote></div>
        </text>
        <extension url="http://fhir.de/ConsentManagement/StructureDefinition/DomainReference">
          <extension url="status">
            <valueCoding>
              <system value="http://hl7.org/fhir/publication-status"/>
              <code value="active"/>
            </valueCoding>
          </extension>
        </extension>
        <status value="active"/>
        <scope>
          <coding>
            <system value="http://terminology.hl7.org/CodeSystem/consentscope"/>
            <code value="research"/>
          </coding>
        </scope>
        <category>
          <coding>
            <system value="http://loinc.org"/>
            <code value="57016-8"/>
          </coding>
        </category>
        <category>
          <coding>
            <system value="http://fhir.de/ConsentManagement/CodeSystem/ResultType"/>
            <code value="policy"/>
          </coding>
        </category>
        <patient>
          <reference value="Patient/34d195ef-179f-48dd-b830-d52ea9347157"/>
          <display value="Pseudonym dic_GCC83"/>
        </patient>
        <dateTime value="2021-06-03T00:00:00+02:00"/>
        <sourceReference>
          <reference value="QuestionnaireResponse/5cfc1218-618f-4408-9e3d-a1af7a25aa56"/>
        </sourceReference>
        <policyRule>
          <coding>
            <system value="https://ths-greifswald.de/fhir/CodeSystem/gics/Policy"/>
            <code value="MDAT_wissenschaftlich_nutzen_EU_DSGVO_NIVEAU"/>
            <display value="Bereitstellung medizinischer Daten (MDAT) für wissenschaftliche Nutzung "/>
          </coding>
        </policyRule>
        <provision>
          <type value="permit"/>
          <period>
            <start value="2021-06-03T09:47:47+02:00"/>
            <end value="2051-06-03T09:47:47+02:00"/>
          </period>
          <code>
            <coding>
              <system value="https://ths-greifswald.de/fhir/CodeSystem/gics/Policy"/>
              <code value="MDAT_wissenschaftlich_nutzen_EU_DSGVO_NIVEAU"/>
              <display value="Bereitstellung medizinischer Daten (MDAT) für wissenschaftliche Nutzung "/>
            </coding>
          </code>
          <code>
            <coding>
              <system value="urn:oid:2.16.840.1.113883.3.1937.777.24.5.3"/>
              <code value="2.16.840.1.113883.3.1937.777.24.5.3.8"/>
            </coding>
          </code>
        </provision>
      </Consent>
    </resource>
  </entry>
  <entry>
    <fullUrl value="urn:uuid:a778fd9a-e68a-4b98-ab9d-2d788db705d5"/>
    <resource>
      <Consent>
        <id value="a778fd9a-e68a-4b98-ab9d-2d788db705d5"/>
        <meta>
          <lastUpdated value="2021-06-03T09:47:47.361+02:00"/>
          <profile value="https://ths-greifswald.de/fhir/StructureDefinition/gics/Consent"/>
          <profile value="http://fhir.de/ConsentManagement/StructureDefinition/Consent"/>
        </meta>
        <text>
          <status value="extensions"/><div xmlns="http://www.w3.org/1999/xhtml"><a name="Consent_a778fd9a-e68a-4b98-ab9d-2d788db705d5"> </a><p class="res-header-id"><b>Generated Narrative: Consent a778fd9a-e68a-4b98-ab9d-2d788db705d5</b></p><a name="a778fd9a-e68a-4b98-ab9d-2d788db705d5"> </a><a name="hca778fd9a-e68a-4b98-ab9d-2d788db705d5"> </a><div style="display: inline-block; background-color: #d9e0e7; padding: 6px; margin: 4px; border: 1px solid #8da1b4; border-radius: 5px; line-height: 60%"><p style="margin-bottom: 0px">Last updated: 2021-06-03 09:47:47+0200</p><p style="margin-bottom: 0px">Profiles: <a href="StructureDefinition-Consent.html">Einwilligungsinformationen</a>, <a href="https://simplifier.net/resolve?scope=de.einwilligungsmanagement@2.0.0&amp;canonical=http://fhir.de/ConsentManagement/StructureDefinition/Consent">Consent Management: Consent</a></p></div><blockquote><p><b>Consent Management Domain Reference</b></p><ul><li>status: <a href="http://hl7.org/fhir/R4/codesystem-publication-status.html#publication-status-active">PublicationStatus active</a>: Active</li></ul></blockquote><p><b>status</b>: Active</p><p><b>scope</b>: <span title="Codes:{http://terminology.hl7.org/CodeSystem/consentscope research}">Research</span></p><p><b>category</b>: <span title="Codes:{http://loinc.org 57016-8}">Privacy policy acknowledgment Document</span>, <span title="Codes:{http://fhir.de/ConsentManagement/CodeSystem/ResultType policy}">Policy</span></p><p><b>patient</b>: <a href="https://simplifier.net/resolve?scope=de.einwilligungsmanagement@2.0.0&amp;canonical=http://fhir.org/packages/de.einwilligungsmanagement/Patient/34d195ef-179f-48dd-b830-d52ea9347157">Pseudonym dic_GCC83</a></p><p><b>dateTime</b>: 2021-06-03 00:00:00+0200</p><p><b>source</b>: <a href="https://simplifier.net/resolve?scope=de.einwilligungsmanagement@2.0.0&amp;canonical=http://fhir.org/packages/de.einwilligungsmanagement/QuestionnaireResponse/5cfc1218-618f-4408-9e3d-a1af7a25aa56">QuestionnaireResponse/5cfc1218-618f-4408-9e3d-a1af7a25aa56</a></p><p><b>policyRule</b>: <span title="Codes:{https://ths-greifswald.de/fhir/CodeSystem/gics/Policy MDAT_zusammenfuehren_Dritte}">Zusammenführung medizinischer Daten (MDAT) mit Dritten Forschungspartnern</span></p><blockquote><p><b>provision</b></p><p><b>type</b>: Opt In</p><p><b>period</b>: 2021-06-03 09:47:47+0200 --&gt; 2051-06-03 09:47:47+0200</p><p><b>code</b>: <span title="Codes:{https://ths-greifswald.de/fhir/CodeSystem/gics/Policy MDAT_zusammenfuehren_Dritte}">Zusammenführung medizinischer Daten (MDAT) mit Dritten Forschungspartnern</span>, <span title="Codes:{urn:oid:2.16.840.1.113883.3.1937.777.24.5.3 2.16.840.1.113883.3.1937.777.24.5.3.9}">MDAT zusammenfuehren Dritte</span></p></blockquote></div>
        </text>
        <extension url="http://fhir.de/ConsentManagement/StructureDefinition/DomainReference">
          <extension url="status">
            <valueCoding>
              <system value="http://hl7.org/fhir/publication-status"/>
              <code value="active"/>
            </valueCoding>
          </extension>
        </extension>
        <status value="active"/>
        <scope>
          <coding>
            <system value="http://terminology.hl7.org/CodeSystem/consentscope"/>
            <code value="research"/>
          </coding>
        </scope>
        <category>
          <coding>
            <system value="http://loinc.org"/>
            <code value="57016-8"/>
          </coding>
        </category>
        <category>
          <coding>
            <system value="http://fhir.de/ConsentManagement/CodeSystem/ResultType"/>
            <code value="policy"/>
          </coding>
        </category>
        <patient>
          <reference value="Patient/34d195ef-179f-48dd-b830-d52ea9347157"/>
          <display value="Pseudonym dic_GCC83"/>
        </patient>
        <dateTime value="2021-06-03T00:00:00+02:00"/>
        <sourceReference>
          <reference value="QuestionnaireResponse/5cfc1218-618f-4408-9e3d-a1af7a25aa56"/>
        </sourceReference>
        <policyRule>
          <coding>
            <system value="https://ths-greifswald.de/fhir/CodeSystem/gics/Policy"/>
            <code value="MDAT_zusammenfuehren_Dritte"/>
            <display value="Zusammenführung medizinischer Daten (MDAT) mit Dritten Forschungspartnern"/>
          </coding>
        </policyRule>
        <provision>
          <type value="permit"/>
          <period>
            <start value="2021-06-03T09:47:47+02:00"/>
            <end value="2051-06-03T09:47:47+02:00"/>
          </period>
          <code>
            <coding>
              <system value="https://ths-greifswald.de/fhir/CodeSystem/gics/Policy"/>
              <code value="MDAT_zusammenfuehren_Dritte"/>
              <display value="Zusammenführung medizinischer Daten (MDAT) mit Dritten Forschungspartnern"/>
            </coding>
          </code>
          <code>
            <coding>
              <system value="urn:oid:2.16.840.1.113883.3.1937.777.24.5.3"/>
              <code value="2.16.840.1.113883.3.1937.777.24.5.3.9"/>
            </coding>
          </code>
        </provision>
      </Consent>
    </resource>
  </entry>
</Bundle>