<?xml version="1.0" encoding="UTF-8"?>

<Consent xmlns="http://hl7.org/fhir">
  <id value="Consent-example-1"/>
  <meta>
    <extension url="https://ths-greifswald.de/fhir/StructureDefinition/gics/Created">
      <valueInstant value="2020-01-02T04:05:06+01:00"/>
    </extension>
    <lastUpdated value="2021-06-17T14:02:21.285+02:00"/>
    <profile value="https://ths-greifswald.de/fhir/StructureDefinition/gics/Consent"/>
    <profile value="http://fhir.de/ConsentManagement/StructureDefinition/Consent"/>
  </meta>
  <text>
    <status value="extensions"/><div xmlns="http://www.w3.org/1999/xhtml"><p class="res-header-id"><b>Generated Narrative: Consent Consent-example-1</b></p><a name="Consent-example-1"> </a><a name="hcConsent-example-1"> </a><div style="display: inline-block; background-color: #d9e0e7; padding: 6px; margin: 4px; border: 1px solid #8da1b4; border-radius: 5px; line-height: 60%"><p style="margin-bottom: 0px">Last updated: 2021-06-17 14:02:21+0200</p><p style="margin-bottom: 0px">Profiles: <a href="StructureDefinition-Consent.html">Einwilligungsinformationen</a>, <a href="https://simplifier.net/resolve?scope=de.einwilligungsmanagement@2.0.0&amp;canonical=http://fhir.de/ConsentManagement/StructureDefinition/Consent">Consent Management: Consent</a></p></div><blockquote><p><b>Consent Management Domain Reference</b></p><ul><li>domain: <a href="https://simplifier.net/resolve?scope=de.einwilligungsmanagement@2.0.0&amp;canonical=http://fhir.org/packages/de.einwilligungsmanagement/ResearchStudy/593d66f3-3654-4e8a-9524-3bcd78a363bb">ResearchStudy/593d66f3-3654-4e8a-9524-3bcd78a363bb</a></li><li>status: <a href="http://hl7.org/fhir/R4/codesystem-publication-status.html#publication-status-active">PublicationStatus active</a>: Active</li></ul></blockquote><p><b>status</b>: Active</p><p><b>scope</b>: <span title="Codes:{http://terminology.hl7.org/CodeSystem/consentscope research}">Research</span></p><p><b>category</b>: <span title="Codes:{http://loinc.org 57016-8}">Privacy policy acknowledgment Document</span>, <span title="Codes:{http://fhir.de/ConsentManagement/CodeSystem/ResultType consent-status}">Einwilligungsstand</span></p><p><b>patient</b>: <a href="https://simplifier.net/resolve?scope=de.einwilligungsmanagement@2.0.0&amp;canonical=http://fhir.org/packages/de.einwilligungsmanagement/Patient/b5ad0847-597d-4825-bb6c-537d949159f8">Pseudonym dic_1H51T</a></p><p><b>dateTime</b>: 2021-06-17 14:02:21+0200</p><p><b>source</b>: <a href="https://simplifier.net/resolve?scope=de.einwilligungsmanagement@2.0.0&amp;canonical=http://fhir.org/packages/de.einwilligungsmanagement/QuestionnaireResponse/cde387ba-27df-43c2-9f8d-4a2157a16363">QuestionnaireResponse/cde387ba-27df-43c2-9f8d-4a2157a16363</a></p><h3>Policies</h3><table class="grid"><tr><td style="display: none">-</td><td><b>Uri</b></td></tr><tr><td style="display: none">*</td><td><a href="https://simplifier.net/resolve?scope=de.einwilligungsmanagement@2.0.0&amp;canonical=urn:uuid:593d66f3-3654-4e8a-9524-3bcd78a363bb">urn:uuid:593d66f3-3654-4e8a-9524-3bcd78a363bb</a></td></tr></table><blockquote><p><b>provision</b></p><p><b>type</b>: Opt In</p><p><b>period</b>: 2021-06-17 14:02:21+0200 --&gt; 2026-06-17 14:02:21+0200</p><p><b>code</b>: <span title="Codes:{https://ths-greifswald.de/fhir/CodeSystem/gics/Policy MDAT_erheben}">Erfassung medizinischer Daten</span>, <span title="Codes:{urn:oid:2.16.840.1.113883.3.1937.777.24.5.3 2.16.840.1.113883.3.1937.777.24.5.3.6}">MDAT erheben</span></p></blockquote></div>
  </text>
  <extension url="http://fhir.de/ConsentManagement/StructureDefinition/DomainReference">
    <extension url="domain">
      <valueReference>
        <reference value="ResearchStudy/593d66f3-3654-4e8a-9524-3bcd78a363bb"/>
      </valueReference>
    </extension>
    <extension url="status">
      <valueCoding>
        <system value="http://hl7.org/fhir/publication-status"/>
        <code value="active"/>
      </valueCoding>
    </extension>
  </extension>
  <status value="active"/>
  <scope>
    <coding>
      <system value="http://terminology.hl7.org/CodeSystem/consentscope"/>
      <code value="research"/>
    </coding>
  </scope>
  <category>
    <coding>
      <system value="http://loinc.org"/>
      <code value="57016-8"/>
    </coding>
  </category>
  <category>
    <coding>
      <system value="http://fhir.de/ConsentManagement/CodeSystem/ResultType"/>
      <code value="consent-status"/>
    </coding>
  </category>
  <patient>
    <reference value="Patient/b5ad0847-597d-4825-bb6c-537d949159f8"/>
    <display value="Pseudonym dic_1H51T"/>
  </patient>
  <dateTime value="2021-06-17T14:02:21+02:00"/>
  <sourceReference>
    <reference value="QuestionnaireResponse/cde387ba-27df-43c2-9f8d-4a2157a16363"/>
  </sourceReference>
  <policy>
    <uri value="urn:uuid:593d66f3-3654-4e8a-9524-3bcd78a363bb"/>
  </policy>
  <provision>
    <type value="permit"/>
    <period>
      <start value="2021-06-17T14:02:21+02:00"/>
      <end value="2026-06-17T14:02:21+02:00"/>
    </period>
    <code>
      <coding>
        <system value="https://ths-greifswald.de/fhir/CodeSystem/gics/Policy"/>
        <code value="MDAT_erheben"/>
        <display value="Erfassung medizinischer Daten"/>
      </coding>
    </code>
    <code>
      <coding>
        <system value="urn:oid:2.16.840.1.113883.3.1937.777.24.5.3"/>
        <code value="2.16.840.1.113883.3.1937.777.24.5.3.6"/>
      </coding>
    </code>
  </provision>
</Consent>