<?xml version="1.0" encoding="UTF-8"?>

<Parameters xmlns="http://hl7.org/fhir">
  <id value="CurrentConsentForPersonAndTemplate-request-example-1"/>
  <parameter>
    <name value="personIdentifier"/>
    <valueIdentifier>
      <system value="https://ths-greifswald.de/fhir/gics/identifiers/Pseudonym"/>
      <value value="dic_1H51T"/>
    </valueIdentifier>
  </parameter>
  <parameter>
    <name value="domain"/>
    <valueString value="MII"/>
  </parameter>
  <parameter>
    <name value="template"/>
    <valueString value="MII;Patienteneinwilligung MII;1.6.f"/>
  </parameter>
  <parameter>
    <name value="ignore-version-number"/>
    <valueBoolean value="false"/>
  </parameter>
</Parameters>