[
  {
    "id" : "IdatElementsCS",
    "type" : "CodeSystem",
    "url" : "https://ths-greifswald.de/fhir/CodeSystem/dispatcher/IdatElements",
    "version" : "2025.1.0",
    "name" : "IdatElements"
  },
  {
    "id" : "BloomfilterTypeCS",
    "type" : "CodeSystem",
    "url" : "https://ths-greifswald.de/fhir/CodeSystem/epix/BloomfilterType",
    "version" : "2025.1.0",
    "name" : "BloomfilterType"
  },
  {
    "id" : "MatchStatusCS",
    "type" : "CodeSystem",
    "url" : "https://ths-greifswald.de/fhir/CodeSystem/epix/MatchStatus",
    "version" : "2025.1.0",
    "name" : "MatchStatus"
  },
  {
    "id" : "SaveActionCS",
    "type" : "CodeSystem",
    "url" : "https://ths-greifswald.de/fhir/CodeSystem/epix/SaveAction",
    "version" : "2025.1.0",
    "name" : "SaveAction"
  },
  {
    "id" : "ConsentComponentTypeCS",
    "type" : "CodeSystem",
    "url" : "https://ths-greifswald.de/fhir/CodeSystem/gics/ConsentComponentType",
    "version" : "2025.1.0",
    "name" : "ConsentComponentType"
  },
  {
    "id" : "ConsentPolicyActionCS",
    "type" : "CodeSystem",
    "url" : "https://ths-greifswald.de/fhir/CodeSystem/gics/ConsentPolicyAction",
    "version" : "2025.1.0",
    "name" : "ConsentPolicyAction"
  },
  {
    "id" : "ConsentPolicyActorCS",
    "type" : "CodeSystem",
    "url" : "https://ths-greifswald.de/fhir/CodeSystem/gics/ConsentPolicyActor",
    "version" : "2025.1.0",
    "name" : "ConsentPolicyActor"
  },
  {
    "id" : "ConsentPolicyClassCS",
    "type" : "CodeSystem",
    "url" : "https://ths-greifswald.de/fhir/CodeSystem/gics/ConsentPolicyClass",
    "version" : "2025.1.0",
    "name" : "ConsentPolicyClass"
  },
  {
    "id" : "ConsentPolicyPurposeCS",
    "type" : "CodeSystem",
    "url" : "https://ths-greifswald.de/fhir/CodeSystem/gics/ConsentPolicyPurpose",
    "version" : "2025.1.0",
    "name" : "ConsentPolicyPurpose"
  },
  {
    "id" : "ConsentStatusCS",
    "type" : "CodeSystem",
    "url" : "https://ths-greifswald.de/fhir/CodeSystem/gics/ConsentStatus",
    "version" : "2025.1.0",
    "name" : "ConsentStatus"
  },
  {
    "id" : "DesignationUseCS",
    "type" : "CodeSystem",
    "url" : "https://ths-greifswald.de/fhir/CodeSystem/gics/DesignationUse",
    "version" : "2025.1.0",
    "name" : "DesignationUse"
  },
  {
    "id" : "IdMatchingTypeCS",
    "type" : "CodeSystem",
    "url" : "https://ths-greifswald.de/fhir/CodeSystem/gics/IdMatchingType",
    "version" : "2025.1.0",
    "name" : "IdMatchingType"
  },
  {
    "id" : "PolicyCS",
    "type" : "CodeSystem",
    "url" : "https://ths-greifswald.de/fhir/CodeSystem/gics/Policy",
    "version" : "2025.1.0",
    "name" : "Policy"
  },
  {
    "id" : "AddConsent",
    "type" : "OperationDefinition",
    "url" : "https://ths-greifswald.de/fhir/OperationDefinition/gics/addConsent",
    "version" : "2025.1.0",
    "name" : "AddConsent"
  },
  {
    "id" : "AddConsentOptOut",
    "type" : "OperationDefinition",
    "url" : "https://ths-greifswald.de/fhir/OperationDefinition/gics/addConsentOptOut",
    "version" : "2025.1.0",
    "name" : "AddConsentOptOut"
  },
  {
    "id" : "AllConsentsForDomain",
    "type" : "OperationDefinition",
    "url" : "https://ths-greifswald.de/fhir/OperationDefinition/gics/allConsentsForDomain",
    "version" : "2025.1.0",
    "name" : "AllConsentsForDomain"
  },
  {
    "id" : "AllConsentsForPerson",
    "type" : "OperationDefinition",
    "url" : "https://ths-greifswald.de/fhir/OperationDefinition/gics/allConsentsForPerson",
    "version" : "2025.1.0",
    "name" : "AllConsentsForPerson"
  },
  {
    "id" : "AllConsentsForTemplate",
    "type" : "OperationDefinition",
    "url" : "https://ths-greifswald.de/fhir/OperationDefinition/gics/allConsentsForTemplate",
    "version" : "2025.1.0",
    "name" : "AllConsentsForTemplate"
  },
  {
    "id" : "AllPolicyStatesForPerson",
    "type" : "OperationDefinition",
    "url" : "https://ths-greifswald.de/fhir/OperationDefinition/gics/allPolicyStatesForPerson",
    "version" : "2025.1.0",
    "name" : "AllPolicyStatesForPerson"
  },
  {
    "id" : "CurrentConsentForPersonAndTemplate",
    "type" : "OperationDefinition",
    "url" : "https://ths-greifswald.de/fhir/OperationDefinition/gics/currentConsentForPersonAndTemplate",
    "version" : "2025.1.0",
    "name" : "CurrentConsentForPersonAndTemplate"
  },
  {
    "id" : "CurrentPolicyStatesForPerson",
    "type" : "OperationDefinition",
    "url" : "https://ths-greifswald.de/fhir/OperationDefinition/gics/currentPolicyStatesForPerson",
    "version" : "2025.1.0",
    "name" : "CurrentPolicyStatesForPerson"
  },
  {
    "id" : "GetAllConsentedIdsFor",
    "type" : "OperationDefinition",
    "url" : "https://ths-greifswald.de/fhir/OperationDefinition/gics/getAllConsentedIdsFor",
    "version" : "2025.1.0",
    "name" : "GetAllConsentedIdsFor"
  },
  {
    "id" : "IsConsented",
    "type" : "OperationDefinition",
    "url" : "https://ths-greifswald.de/fhir/OperationDefinition/gics/isConsented",
    "version" : "2025.1.0",
    "name" : "IsConsented"
  },
  {
    "id" : "ActivityDefinitionCode",
    "type" : "SearchParameter",
    "url" : "https://ths-greifswald.de/fhir/SearchParameter/gics/activityDefinitionCode",
    "version" : "2025.1.0",
    "name" : "activityDefinitionCode"
  },
  {
    "id" : "domain",
    "type" : "SearchParameter",
    "url" : "https://ths-greifswald.de/fhir/SearchParameter/gics/domain",
    "version" : "2025.1.0",
    "name" : "domain"
  },
  {
    "id" : "useContextIdentifier",
    "type" : "SearchParameter",
    "url" : "https://ths-greifswald.de/fhir/SearchParameter/gics/useContextIdentifier",
    "version" : "2025.1.0",
    "name" : "useContextIdentifier"
  },
  {
    "id" : "PatientPseudonymized",
    "type" : "StructureDefinition",
    "url" : "https://ths-greifswald.de/fhir/StructureDefinition/fttp/PatientPseudonymized",
    "version" : "2025.1.0",
    "name" : "PatientPseudonymized"
  },
  {
    "id" : "ConsentPolicy",
    "type" : "StructureDefinition",
    "url" : "https://ths-greifswald.de/fhir/StructureDefinition/gics/ActivityDefinition/ConsentPolicy",
    "version" : "2025.1.0",
    "name" : "ConsentPolicy"
  },
  {
    "id" : "ExchangeFormatDefinition",
    "type" : "StructureDefinition",
    "url" : "https://ths-greifswald.de/fhir/StructureDefinition/gics/Bundle/ExchangeFormatDefinition",
    "version" : "2025.1.0",
    "name" : "ExchangeFormatDefinition"
  },
  {
    "id" : "Comment",
    "type" : "StructureDefinition",
    "url" : "https://ths-greifswald.de/fhir/StructureDefinition/gics/Comment",
    "version" : "2025.1.0",
    "name" : "Comment"
  },
  {
    "id" : "ConfigurationProperties",
    "type" : "StructureDefinition",
    "url" : "https://ths-greifswald.de/fhir/StructureDefinition/gics/ConfigurationProperties",
    "version" : "2025.1.0",
    "name" : "ConfigurationProperties"
  },
  {
    "id" : "Consent",
    "type" : "StructureDefinition",
    "url" : "https://ths-greifswald.de/fhir/StructureDefinition/gics/Consent",
    "version" : "2025.1.0",
    "name" : "Consent"
  },
  {
    "id" : "ConsentPolicyReference",
    "type" : "StructureDefinition",
    "url" : "https://ths-greifswald.de/fhir/StructureDefinition/gics/ConsentPolicyReference",
    "version" : "2025.1.0",
    "name" : "ConsentPolicyReference"
  },
  {
    "id" : "Created",
    "type" : "StructureDefinition",
    "url" : "https://ths-greifswald.de/fhir/StructureDefinition/gics/Created",
    "version" : "2025.1.0",
    "name" : "Created"
  },
  {
    "id" : "ExpirationProperty",
    "type" : "StructureDefinition",
    "url" : "https://ths-greifswald.de/fhir/StructureDefinition/gics/ExpirationProperty",
    "version" : "2025.1.0",
    "name" : "ExpirationProperty"
  },
  {
    "id" : "ExternalProperty",
    "type" : "StructureDefinition",
    "url" : "https://ths-greifswald.de/fhir/StructureDefinition/gics/ExternalProperty",
    "version" : "2025.1.0",
    "name" : "ExternalProperty"
  },
  {
    "id" : "FreeTextDefAttributes",
    "type" : "StructureDefinition",
    "url" : "https://ths-greifswald.de/fhir/StructureDefinition/gics/FreeTextDefAttributes",
    "version" : "2025.1.0",
    "name" : "FreeTextDefAttributes"
  },
  {
    "id" : "ModuleVersionFormat",
    "type" : "StructureDefinition",
    "url" : "https://ths-greifswald.de/fhir/StructureDefinition/gics/ModuleVersionFormat",
    "version" : "2025.1.0",
    "name" : "ModuleVersionFormat"
  },
  {
    "id" : "PolicyVersionFormat",
    "type" : "StructureDefinition",
    "url" : "https://ths-greifswald.de/fhir/StructureDefinition/gics/PolicyVersionFormat",
    "version" : "2025.1.0",
    "name" : "PolicyVersionFormat"
  },
  {
    "id" : "Position",
    "type" : "StructureDefinition",
    "url" : "https://ths-greifswald.de/fhir/StructureDefinition/gics/Position",
    "version" : "2025.1.0",
    "name" : "Position"
  },
  {
    "id" : "Property",
    "type" : "StructureDefinition",
    "url" : "https://ths-greifswald.de/fhir/StructureDefinition/gics/Property",
    "version" : "2025.1.0",
    "name" : "Property"
  },
  {
    "id" : "Provenance",
    "type" : "StructureDefinition",
    "url" : "https://ths-greifswald.de/fhir/StructureDefinition/gics/Provenance",
    "version" : "2025.1.0",
    "name" : "Provenance"
  },
  {
    "id" : "QuestionnaireLabel",
    "type" : "StructureDefinition",
    "url" : "https://ths-greifswald.de/fhir/StructureDefinition/gics/QuestionnaireLabel",
    "version" : "2025.1.0",
    "name" : "QuestionnaireLabel"
  },
  {
    "id" : "ShortText",
    "type" : "StructureDefinition",
    "url" : "https://ths-greifswald.de/fhir/StructureDefinition/gics/ShortText",
    "version" : "2025.1.0",
    "name" : "ShortText"
  },
  {
    "id" : "SupportedVersion",
    "type" : "StructureDefinition",
    "url" : "https://ths-greifswald.de/fhir/StructureDefinition/gics/SupportedVersion",
    "version" : "2025.1.0",
    "name" : "SupportedVersion"
  },
  {
    "id" : "TemplateVersionFormat",
    "type" : "StructureDefinition",
    "url" : "https://ths-greifswald.de/fhir/StructureDefinition/gics/TemplateVersionFormat",
    "version" : "2025.1.0",
    "name" : "TemplateVersionFormat"
  },
  {
    "id" : "ValidFromProperty",
    "type" : "StructureDefinition",
    "url" : "https://ths-greifswald.de/fhir/StructureDefinition/gics/ValidFromProperty",
    "version" : "2025.1.0",
    "name" : "ValidFromProperty"
  },
  {
    "id" : "ConsentQualityControl",
    "type" : "StructureDefinition",
    "url" : "https://ths-greifswald.de/fhir/StructureDefinition/gics/VerificationResult/ConsentQualityControl",
    "version" : "2025.1.0",
    "name" : "ConsentQualityControl"
  },
  {
    "id" : "VersionLabel",
    "type" : "StructureDefinition",
    "url" : "https://ths-greifswald.de/fhir/StructureDefinition/gics/VersionLabel",
    "version" : "2025.1.0",
    "name" : "VersionLabel"
  },
  {
    "id" : "IdatElementsVS",
    "type" : "ValueSet",
    "url" : "https://ths-greifswald.de/fhir/ValueSet/dispatcher/IdatElements",
    "version" : "2025.1.0",
    "name" : "IdatElements"
  },
  {
    "id" : "BloomfilterTypeVS",
    "type" : "ValueSet",
    "url" : "https://ths-greifswald.de/fhir/ValueSet/epix/BloomfilterType",
    "version" : "2025.1.0",
    "name" : "BloomfilterType"
  },
  {
    "id" : "MatchStatusVS",
    "type" : "ValueSet",
    "url" : "https://ths-greifswald.de/fhir/ValueSet/epix/MatchStatus",
    "version" : "2025.1.0",
    "name" : "MatchStatus"
  },
  {
    "id" : "SaveActionVS",
    "type" : "ValueSet",
    "url" : "https://ths-greifswald.de/fhir/ValueSet/epix/SaveAction",
    "version" : "2025.1.0",
    "name" : "SaveAction"
  },
  {
    "id" : "ConsentComponentTypeVS",
    "type" : "ValueSet",
    "url" : "https://ths-greifswald.de/fhir/ValueSet/gics/ConsentComponentType",
    "version" : "2025.1.0",
    "name" : "ConsentComponentType"
  },
  {
    "id" : "ConsentPolicyActionVS",
    "type" : "ValueSet",
    "url" : "https://ths-greifswald.de/fhir/ValueSet/gics/ConsentPolicyAction",
    "version" : "2025.1.0",
    "name" : "ConsentPolicyAction"
  },
  {
    "id" : "ConsentPolicyActorVS",
    "type" : "ValueSet",
    "url" : "https://ths-greifswald.de/fhir/ValueSet/gics/ConsentPolicyActor",
    "version" : "2025.1.0",
    "name" : "ConsentPolicyActor"
  },
  {
    "id" : "ConsentPolicyClassVS",
    "type" : "ValueSet",
    "url" : "https://ths-greifswald.de/fhir/ValueSet/gics/ConsentPolicyClass",
    "version" : "2025.1.0",
    "name" : "ConsentPolicyClass"
  },
  {
    "id" : "ConsentPolicyPurposeVS",
    "type" : "ValueSet",
    "url" : "https://ths-greifswald.de/fhir/ValueSet/gics/ConsentPolicyPurpose",
    "version" : "2025.1.0",
    "name" : "ConsentPolicyPurpose"
  },
  {
    "id" : "ConsentStatusVS",
    "type" : "ValueSet",
    "url" : "https://ths-greifswald.de/fhir/ValueSet/gics/ConsentStatus",
    "version" : "2025.1.0",
    "name" : "ConsentStatus"
  },
  {
    "id" : "ConsentStatusConsentFullValuesVS",
    "type" : "ValueSet",
    "url" : "https://ths-greifswald.de/fhir/ValueSet/gics/ConsentStatusConsentFullValues",
    "version" : "2025.1.0",
    "name" : "ConsentStatusConsentFullValues"
  },
  {
    "id" : "ConsentStatusConsentOptOutFullValuesVS",
    "type" : "ValueSet",
    "url" : "https://ths-greifswald.de/fhir/ValueSet/gics/ConsentStatusConsentOptOutFullValues",
    "version" : "2025.1.0",
    "name" : "ConsentStatusConsentOptOutFullValues"
  },
  {
    "id" : "ConsentStatusConsentOptOutShortValuesVS",
    "type" : "ValueSet",
    "url" : "https://ths-greifswald.de/fhir/ValueSet/gics/ConsentStatusConsentOptOutShortValues",
    "version" : "2025.1.0",
    "name" : "ConsentStatusConsentOptOutShortValues"
  },
  {
    "id" : "ConsentStatusConsentShortValuesVS",
    "type" : "ValueSet",
    "url" : "https://ths-greifswald.de/fhir/ValueSet/gics/ConsentStatusConsentShortValues",
    "version" : "2025.1.0",
    "name" : "ConsentStatusConsentShortValues"
  },
  {
    "id" : "ConsentStatusObjectionFullValuesVS",
    "type" : "ValueSet",
    "url" : "https://ths-greifswald.de/fhir/ValueSet/gics/ConsentStatusObjectionFullValues",
    "version" : "2025.1.0",
    "name" : "ConsentStatusObjectionFullValues"
  },
  {
    "id" : "ConsentStatusObjectionShortValuesVS",
    "type" : "ValueSet",
    "url" : "https://ths-greifswald.de/fhir/ValueSet/gics/ConsentStatusObjectionShortValues",
    "version" : "2025.1.0",
    "name" : "ConsentStatusObjectionShortValues"
  },
  {
    "id" : "ConsentStatusRefusalFullValuesVS",
    "type" : "ValueSet",
    "url" : "https://ths-greifswald.de/fhir/ValueSet/gics/ConsentStatusRefusalFullValues",
    "version" : "2025.1.0",
    "name" : "ConsentStatusRefusalFullValues"
  },
  {
    "id" : "ConsentStatusRefusalShortValuesVS",
    "type" : "ValueSet",
    "url" : "https://ths-greifswald.de/fhir/ValueSet/gics/ConsentStatusRefusalShortValues",
    "version" : "2025.1.0",
    "name" : "ConsentStatusRefusalShortValues"
  },
  {
    "id" : "ConsentStatusWithdrawalFullValuesVS",
    "type" : "ValueSet",
    "url" : "https://ths-greifswald.de/fhir/ValueSet/gics/ConsentStatusWithdrawalFullValues",
    "version" : "2025.1.0",
    "name" : "ConsentStatusWithdrawalFullValues"
  },
  {
    "id" : "ConsentStatusWithdrawalShortValuesVS",
    "type" : "ValueSet",
    "url" : "https://ths-greifswald.de/fhir/ValueSet/gics/ConsentStatusWithdrawalShortValues",
    "version" : "2025.1.0",
    "name" : "ConsentStatusWithdrawalShortValues"
  },
  {
    "id" : "IdMatchingTypeVS",
    "type" : "ValueSet",
    "url" : "https://ths-greifswald.de/fhir/ValueSet/gics/IdMatchingType",
    "version" : "2025.1.0",
    "name" : "IdMatchingType"
  },
  {
    "id" : "PolicyVS",
    "type" : "ValueSet",
    "url" : "https://ths-greifswald.de/fhir/ValueSet/gics/Policy",
    "version" : "2025.1.0",
    "name" : "Policy"
  },
  {
    "id" : "PolicyStatusVS",
    "type" : "ValueSet",
    "url" : "https://ths-greifswald.de/fhir/ValueSet/gics/PolicyStatus",
    "version" : "2025.1.0",
    "name" : "PolicyStatus"
  },
  {
    "id" : "ConsentPolicy-example-1",
    "type" : "ActivityDefinition",
    "url" : "https://ths-greifswald.de/fhir/gics/ActivityDefinition/ConsentPolicy-example-1",
    "version" : "2025.1.0",
    "name" : "MDAT_erheben"
  },
  {
    "id" : "ConsentPolicy-example-2",
    "type" : "ActivityDefinition",
    "url" : "https://ths-greifswald.de/fhir/gics/ActivityDefinition/ConsentPolicy-example-2",
    "version" : "2025.1.0",
    "name" : "MDAT_wissenschaftlich_nutzen_EU_DSGVO_NIVEAU"
  },
  {
    "id" : "ConsentPolicy-example-3",
    "type" : "ActivityDefinition",
    "url" : "https://ths-greifswald.de/fhir/gics/ActivityDefinition/ConsentPolicy-example-3",
    "version" : "2025.1.0",
    "name" : "MDAT_speichern_verarbeiten"
  },
  {
    "id" : "ConsentTemplate-example-1",
    "type" : "Questionnaire",
    "url" : "https://ths-greifswald.de/fhir/gics/ConsentTemplate/MII/Patienteneinwilligung+MII|1.6.f",
    "version" : "2025.1.0",
    "name" : "Patienteneinwilligung MII"
  },
  {
    "id" : "ths-greifswald.ttp-fhir-gw.gics",
    "type" : "ImplementationGuide",
    "url" : "https://ths-greifswald.de/fhir/gics/ImplementationGuide/ths-greifswald.ttp-fhir-gw.gics",
    "version" : "2025.1.0",
    "name" : "IGTTPFHIRGatewaygICS"
  },
  {
    "id" : "ConsentModule-example-1",
    "type" : "Questionnaire",
    "url" : "https://ths-greifswald.de/fhir/gics/Questionnaire/ConsentModule-example-1",
    "version" : "2025.1.0",
    "name" : "BIOMAT_erheben_lagern_nutzen"
  },
  {
    "id" : "ConsentModule-example-2",
    "type" : "Questionnaire",
    "url" : "https://ths-greifswald.de/fhir/gics/Questionnaire/ConsentModule-example-2",
    "version" : "2025.1.0",
    "name" : "MDAT_ErhebenSpeichernNutzen"
  },
  {
    "id" : "ConsentDomain",
    "type" : "StructureDefinition",
    "url" : "https://ths-greifswald.de/fhir/gics/StructureDefinition/ConsentDomain",
    "version" : "2025.1.0",
    "name" : "ConsentDomain"
  },
  {
    "id" : "ConsentModule",
    "type" : "StructureDefinition",
    "url" : "https://ths-greifswald.de/fhir/gics/StructureDefinition/ConsentModule",
    "version" : "2025.1.0",
    "name" : "ConsentModule"
  },
  {
    "id" : "ConsentTemplate",
    "type" : "StructureDefinition",
    "url" : "https://ths-greifswald.de/fhir/gics/StructureDefinition/ConsentTemplate",
    "version" : "2025.1.0",
    "name" : "ConsentTemplate"
  },
  {
    "id" : "identifier-bloomfilter",
    "type" : "StructureDefinition",
    "url" : "https://ths-greifswald.de/fhir/gics/StructureDefinition/identifier-bloomfilter",
    "version" : "2025.1.0",
    "name" : "IdentifierBloomfilter"
  }
]
