<?xml version="1.0" encoding="UTF-8"?>

<Consent xmlns="http://hl7.org/fhir">
  <id value="Consent-example-2"/>
  <meta>
    <extension url="https://ths-greifswald.de/fhir/StructureDefinition/gics/Created">
      <valueInstant value="2020-01-02T04:05:06+01:00"/>
    </extension>
    <lastUpdated value="2021-10-29T11:00:08.695+02:00"/>
    <profile value="https://ths-greifswald.de/fhir/StructureDefinition/gics/Consent"/>
  </meta>
  <text>
    <status value="extensions"/><div xmlns="http://www.w3.org/1999/xhtml"><p class="res-header-id"><b>Generated Narrative: Consent Consent-example-2</b></p><a name="Consent-example-2"> </a><a name="hcConsent-example-2"> </a><div style="display: inline-block; background-color: #d9e0e7; padding: 6px; margin: 4px; border: 1px solid #8da1b4; border-radius: 5px; line-height: 60%"><p style="margin-bottom: 0px">Last updated: 2021-10-29 11:00:08+0200</p><p style="margin-bottom: 0px">Profile: <a href="StructureDefinition-Consent.html">Einwilligungsinformationen</a></p></div><blockquote><p><b>Consent Management Domain Reference</b></p><ul><li>domain: <a href="https://simplifier.net/resolve?scope=de.einwilligungsmanagement@2.0.2&amp;canonical=http://fhir.org/packages/de.einwilligungsmanagement/ResearchStudy/b0b83c00-e230-4c52-8d3a-cbb882e0a72f">ResearchStudy/b0b83c00-e230-4c52-8d3a-cbb882e0a72f</a></li><li>status: <a href="http://hl7.org/fhir/R4/codesystem-publication-status.html#publication-status-active">PublicationStatus: active</a> (Active)</li></ul></blockquote><blockquote><p><b>External Property Element</b></p><ul><li>key: mykey1</li><li>value: myvalue1</li></ul></blockquote><blockquote><p><b>External Property Element</b></p><ul><li>key: mykey2</li><li>value: myvalue2</li></ul></blockquote><blockquote><p><b>External Property Element</b></p><ul><li>key: EXPIRATION_DATE</li><li>value: Tue Nov 30 00:00:00 CET 2021</li></ul></blockquote><p><b>status</b>: Active</p><p><b>scope</b>: <span title="Codes:{http://terminology.hl7.org/CodeSystem/consentscope research}">Research</span></p><p><b>category</b>: <span title="Codes:{http://loinc.org 59284-0}">Consent Document</span>, <span title="Codes:{http://fhir.de/ConsentManagement/CodeSystem/ResultType consent-status}">Einwilligungsstand</span></p><p><b>patient</b>: <a href="https://simplifier.net/resolve?scope=de.einwilligungsmanagement@2.0.2&amp;canonical=http://fhir.org/packages/de.einwilligungsmanagement/Patient/65d4cbf1-f20a-4fd0-9585-53be76416b02">Pseudonym aachen1</a></p><p><b>dateTime</b>: 2021-10-29 11:00:08+0200</p><p><b>organization</b>: MII</p><p><b>source</b>: <a href="https://simplifier.net/resolve?scope=de.einwilligungsmanagement@2.0.2&amp;canonical=http://fhir.org/packages/de.einwilligungsmanagement/QuestionnaireResponse/0f1ccc50-9b24-4f12-a998-49f80d5285c1">QuestionnaireResponse/0f1ccc50-9b24-4f12-a998-49f80d5285c1</a></p><h3>Policies</h3><table class="grid"><tr><td style="display: none">-</td><td><b>Uri</b></td></tr><tr><td style="display: none">*</td><td><a href="https://simplifier.net/resolve?scope=de.einwilligungsmanagement@2.0.2&amp;canonical=urn:uuid:b0b83c00-e230-4c52-8d3a-cbb882e0a72f">urn:uuid:b0b83c00-e230-4c52-8d3a-cbb882e0a72f</a></td></tr></table><blockquote><p><b>provision</b></p><p><b>type</b>: Opt Out</p><p><b>period</b>: 2021-10-29 11:00:08+0200 --&gt; 2021-11-30 00:00:00+0100</p><h3>Provisions</h3><table class="grid"><tr><td style="display: none">-</td><td><b>Type</b></td><td><b>Period</b></td><td><b>Code</b></td></tr><tr><td style="display: none">*</td><td>Opt In</td><td>2021-10-29 11:00:08+0200 --&gt; 2021-11-30 00:00:00+0100</td><td><span title="Codes:{https://ths-greifswald.de/fhir/CodeSystem/gics/Policy IDAT_bereitstellen_EU_DSGVO_NIVEAU}">Herausgabe identifizierender Daten (IDAT) an verantwortliche Stelle zur weiteren Verarbeitung</span></td></tr><tr><td style="display: none">*</td><td>Opt In</td><td>2021-10-29 11:00:08+0200 --&gt; 2021-11-30 00:00:00+0100</td><td><span title="Codes:{https://ths-greifswald.de/fhir/CodeSystem/gics/Policy IDAT_erheben}">Erfassung neuer identifizierender Daten (IDAT)</span></td></tr><tr><td style="display: none">*</td><td>Opt In</td><td>2021-10-29 11:00:08+0200 --&gt; 2021-11-30 00:00:00+0100</td><td><span title="Codes:{https://ths-greifswald.de/fhir/CodeSystem/gics/Policy IDAT_speichern_verarbeiten}">Speicherung und Verarbeitung identifizierender Daten (IDAT) in der verantwortlichen Stelle</span></td></tr><tr><td style="display: none">*</td><td>Opt In</td><td>2021-10-29 11:00:08+0200 --&gt; 2021-11-30 00:00:00+0100</td><td><span title="Codes:{https://ths-greifswald.de/fhir/CodeSystem/gics/Policy IDAT_zusammenfuehren_Dritte}">Zusammenführung identifizierender Daten (IDAT) mit Dritten Forschungspartnern</span></td></tr><tr><td style="display: none">*</td><td>Opt In</td><td>2021-10-29 11:00:08+0200 --&gt; 2021-11-30 00:00:00+0100</td><td><span title="Codes:{https://ths-greifswald.de/fhir/CodeSystem/gics/Policy MDAT_erheben}">Erfassung medizinischer Daten</span></td></tr><tr><td style="display: none">*</td><td>Opt In</td><td>2021-10-29 11:00:08+0200 --&gt; 2021-11-30 00:00:00+0100</td><td><span title="Codes:{https://ths-greifswald.de/fhir/CodeSystem/gics/Policy MDAT_speichern_verarbeiten}">Speicherung_Verarbeitung von medizinischen Daten innerhalb der verantwortlichen Stelle (MDAT)</span></td></tr><tr><td style="display: none">*</td><td>Opt In</td><td>2021-10-29 11:00:08+0200 --&gt; 2021-11-30 00:00:00+0100</td><td><span title="Codes:{https://ths-greifswald.de/fhir/CodeSystem/gics/Policy MDAT_wissenschaftlich_nutzen_EU_DSGVO_NIVEAU}">Bereitstellung medizinischer Daten (MDAT) für wissenschaftliche Nutzung </span></td></tr><tr><td style="display: none">*</td><td>Opt In</td><td>2021-10-29 11:00:08+0200 --&gt; 2021-11-30 00:00:00+0100</td><td><span title="Codes:{https://ths-greifswald.de/fhir/CodeSystem/gics/Policy MDAT_zusammenfuehren_Dritte}">Zusammenführung medizinischer Daten (MDAT) mit Dritten Forschungspartnern</span></td></tr><tr><td style="display: none">*</td><td>Opt In</td><td>2021-10-29 11:00:08+0200 --&gt; 2021-11-30 00:00:00+0100</td><td><span title="Codes:{https://ths-greifswald.de/fhir/CodeSystem/gics/Policy Rekontaktierung_Verknuepfung_Datenbanken}">Rekontaktierung zur Verknuepfung von PatDat mit Info anderer Dbs</span></td></tr><tr><td style="display: none">*</td><td>Opt In</td><td>2021-10-29 11:00:08+0200 --&gt; 2021-11-30 00:00:00+0100</td><td><span title="Codes:{https://ths-greifswald.de/fhir/CodeSystem/gics/Policy Rekontaktierung_weitere_Erhebung}">Rekontaktierung bezüglich Erhebung zusätzlicher Daten</span></td></tr><tr><td style="display: none">*</td><td>Opt In</td><td>2021-10-29 11:00:08+0200 --&gt; 2021-11-30 00:00:00+0100</td><td><span title="Codes:{https://ths-greifswald.de/fhir/CodeSystem/gics/Policy Rekontaktierung_weitere_Studien}">Rekontaktierung bezüglich Information zu neuen Forschungsvorhaben oder Studien</span></td></tr><tr><td style="display: none">*</td><td>Opt In</td><td>2021-10-29 11:00:08+0200 --&gt; 2021-11-30 00:00:00+0100</td><td><span title="Codes:{https://ths-greifswald.de/fhir/CodeSystem/gics/Policy KDAT_retro_speichern_verarbeiten}">Krankenkassendaten (KKDAT) für 5 Jahre retrospektiv speichern_verarbeiten in der verantwortlichen Stelle</span></td></tr><tr><td style="display: none">*</td><td>Opt In</td><td>2021-10-29 11:00:08+0200 --&gt; 2021-11-30 00:00:00+0100</td><td><span title="Codes:{https://ths-greifswald.de/fhir/CodeSystem/gics/Policy KDAT_retro_uebertragen}">Krankenkassendaten (KKDAT) für 5 Jahre retrospektiv übertragen</span></td></tr><tr><td style="display: none">*</td><td>Opt In</td><td>2021-10-29 11:00:08+0200 --&gt; 2021-11-30 00:00:00+0100</td><td><span title="Codes:{https://ths-greifswald.de/fhir/CodeSystem/gics/Policy KDAT_retro_wissenschaftlich_nutzen}">Krankenkassendaten (KKDAT) für 5 Jahre retrospektiv wissenschaftlich nutzen</span></td></tr></table></blockquote></div>
  </text>
  <extension url="http://fhir.de/ConsentManagement/StructureDefinition/DomainReference">
    <extension url="domain">
      <valueReference>
        <reference value="ResearchStudy/b0b83c00-e230-4c52-8d3a-cbb882e0a72f"/>
      </valueReference>
    </extension>
    <extension url="status">
      <valueCoding>
        <system value="http://hl7.org/fhir/publication-status"/>
        <code value="active"/>
      </valueCoding>
    </extension>
  </extension>
  <extension url="https://ths-greifswald.de/fhir/StructureDefinition/gics/ExternalProperty">
    <extension url="key">
      <valueString value="mykey1"/>
    </extension>
    <extension url="value">
      <valueString value="myvalue1"/>
    </extension>
  </extension>
  <extension url="https://ths-greifswald.de/fhir/StructureDefinition/gics/ExternalProperty">
    <extension url="key">
      <valueString value="mykey2"/>
    </extension>
    <extension url="value">
      <valueString value="myvalue2"/>
    </extension>
  </extension>
  <extension url="https://ths-greifswald.de/fhir/StructureDefinition/gics/ExternalProperty">
    <extension url="key">
      <valueString value="EXPIRATION_DATE"/>
    </extension>
    <extension url="value">
      <valueString value="Tue Nov 30 00:00:00 CET 2021"/>
    </extension>
  </extension>
  <status value="active"/>
  <scope>
    <coding>
      <system value="http://terminology.hl7.org/CodeSystem/consentscope"/>
      <code value="research"/>
    </coding>
  </scope>
  <category>
    <coding>
      <system value="http://loinc.org"/>
      <code value="59284-0"/>
    </coding>
  </category>
  <category>
    <coding>
      <system value="http://fhir.de/ConsentManagement/CodeSystem/ResultType"/>
      <code value="consent-status"/>
    </coding>
  </category>
  <patient>
    <reference value="Patient/65d4cbf1-f20a-4fd0-9585-53be76416b02"/>
    <display value="Pseudonym aachen1"/>
  </patient>
  <dateTime value="2021-10-29T11:00:08+02:00"/>
  <organization>
    <display value="MII"/>
  </organization>
  <sourceReference>
    <reference value="QuestionnaireResponse/0f1ccc50-9b24-4f12-a998-49f80d5285c1"/>
  </sourceReference>
  <policy>
    <uri value="urn:uuid:b0b83c00-e230-4c52-8d3a-cbb882e0a72f"/>
  </policy>
  <provision>
    <type value="deny"/>
    <period>
      <start value="2021-10-29T11:00:08+02:00"/>
      <end value="2021-11-30T00:00:00+01:00"/>
    </period>
    <provision>
      <type value="permit"/>
      <period>
        <start value="2021-10-29T11:00:08+02:00"/>
        <end value="2021-11-30T00:00:00+01:00"/>
      </period>
      <code>
        <coding>
          <system value="https://ths-greifswald.de/fhir/CodeSystem/gics/Policy"/>
          <code value="IDAT_bereitstellen_EU_DSGVO_NIVEAU"/>
          <display value="Herausgabe identifizierender Daten (IDAT) an verantwortliche Stelle zur weiteren Verarbeitung"/>
        </coding>
      </code>
    </provision>
    <provision>
      <type value="permit"/>
      <period>
        <start value="2021-10-29T11:00:08+02:00"/>
        <end value="2021-11-30T00:00:00+01:00"/>
      </period>
      <code>
        <coding>
          <system value="https://ths-greifswald.de/fhir/CodeSystem/gics/Policy"/>
          <code value="IDAT_erheben"/>
          <display value="Erfassung neuer identifizierender Daten (IDAT)"/>
        </coding>
      </code>
    </provision>
    <provision>
      <type value="permit"/>
      <period>
        <start value="2021-10-29T11:00:08+02:00"/>
        <end value="2021-11-30T00:00:00+01:00"/>
      </period>
      <code>
        <coding>
          <system value="https://ths-greifswald.de/fhir/CodeSystem/gics/Policy"/>
          <code value="IDAT_speichern_verarbeiten"/>
          <display value="Speicherung und Verarbeitung identifizierender Daten (IDAT) in der verantwortlichen Stelle"/>
        </coding>
      </code>
    </provision>
    <provision>
      <type value="permit"/>
      <period>
        <start value="2021-10-29T11:00:08+02:00"/>
        <end value="2021-11-30T00:00:00+01:00"/>
      </period>
      <code>
        <coding>
          <system value="https://ths-greifswald.de/fhir/CodeSystem/gics/Policy"/>
          <code value="IDAT_zusammenfuehren_Dritte"/>
          <display value="Zusammenführung identifizierender Daten (IDAT) mit Dritten Forschungspartnern"/>
        </coding>
      </code>
    </provision>
    <provision>
      <type value="permit"/>
      <period>
        <start value="2021-10-29T11:00:08+02:00"/>
        <end value="2021-11-30T00:00:00+01:00"/>
      </period>
      <code>
        <coding>
          <system value="https://ths-greifswald.de/fhir/CodeSystem/gics/Policy"/>
          <code value="MDAT_erheben"/>
          <display value="Erfassung medizinischer Daten"/>
        </coding>
      </code>
    </provision>
    <provision>
      <type value="permit"/>
      <period>
        <start value="2021-10-29T11:00:08+02:00"/>
        <end value="2021-11-30T00:00:00+01:00"/>
      </period>
      <code>
        <coding>
          <system value="https://ths-greifswald.de/fhir/CodeSystem/gics/Policy"/>
          <code value="MDAT_speichern_verarbeiten"/>
          <display value="Speicherung_Verarbeitung von medizinischen Daten innerhalb der verantwortlichen Stelle (MDAT)"/>
        </coding>
      </code>
    </provision>
    <provision>
      <type value="permit"/>
      <period>
        <start value="2021-10-29T11:00:08+02:00"/>
        <end value="2021-11-30T00:00:00+01:00"/>
      </period>
      <code>
        <coding>
          <system value="https://ths-greifswald.de/fhir/CodeSystem/gics/Policy"/>
          <code value="MDAT_wissenschaftlich_nutzen_EU_DSGVO_NIVEAU"/>
          <display value="Bereitstellung medizinischer Daten (MDAT) für wissenschaftliche Nutzung "/>
        </coding>
      </code>
    </provision>
    <provision>
      <type value="permit"/>
      <period>
        <start value="2021-10-29T11:00:08+02:00"/>
        <end value="2021-11-30T00:00:00+01:00"/>
      </period>
      <code>
        <coding>
          <system value="https://ths-greifswald.de/fhir/CodeSystem/gics/Policy"/>
          <code value="MDAT_zusammenfuehren_Dritte"/>
          <display value="Zusammenführung medizinischer Daten (MDAT) mit Dritten Forschungspartnern"/>
        </coding>
      </code>
    </provision>
    <provision>
      <type value="permit"/>
      <period>
        <start value="2021-10-29T11:00:08+02:00"/>
        <end value="2021-11-30T00:00:00+01:00"/>
      </period>
      <code>
        <coding>
          <system value="https://ths-greifswald.de/fhir/CodeSystem/gics/Policy"/>
          <code value="Rekontaktierung_Verknuepfung_Datenbanken"/>
          <display value="Rekontaktierung zur Verknuepfung von PatDat mit Info anderer Dbs"/>
        </coding>
      </code>
    </provision>
    <provision>
      <type value="permit"/>
      <period>
        <start value="2021-10-29T11:00:08+02:00"/>
        <end value="2021-11-30T00:00:00+01:00"/>
      </period>
      <code>
        <coding>
          <system value="https://ths-greifswald.de/fhir/CodeSystem/gics/Policy"/>
          <code value="Rekontaktierung_weitere_Erhebung"/>
          <display value="Rekontaktierung bezüglich Erhebung zusätzlicher Daten"/>
        </coding>
      </code>
    </provision>
    <provision>
      <type value="permit"/>
      <period>
        <start value="2021-10-29T11:00:08+02:00"/>
        <end value="2021-11-30T00:00:00+01:00"/>
      </period>
      <code>
        <coding>
          <system value="https://ths-greifswald.de/fhir/CodeSystem/gics/Policy"/>
          <code value="Rekontaktierung_weitere_Studien"/>
          <display value="Rekontaktierung bezüglich Information zu neuen Forschungsvorhaben oder Studien"/>
        </coding>
      </code>
    </provision>
    <provision>
      <type value="permit"/>
      <period>
        <start value="2021-10-29T11:00:08+02:00"/>
        <end value="2021-11-30T00:00:00+01:00"/>
      </period>
      <code>
        <coding>
          <system value="https://ths-greifswald.de/fhir/CodeSystem/gics/Policy"/>
          <code value="KDAT_retro_speichern_verarbeiten"/>
          <display value="Krankenkassendaten (KKDAT) für 5 Jahre retrospektiv speichern_verarbeiten in der verantwortlichen Stelle"/>
        </coding>
      </code>
    </provision>
    <provision>
      <type value="permit"/>
      <period>
        <start value="2021-10-29T11:00:08+02:00"/>
        <end value="2021-11-30T00:00:00+01:00"/>
      </period>
      <code>
        <coding>
          <system value="https://ths-greifswald.de/fhir/CodeSystem/gics/Policy"/>
          <code value="KDAT_retro_uebertragen"/>
          <display value="Krankenkassendaten (KKDAT) für 5 Jahre retrospektiv übertragen"/>
        </coding>
      </code>
    </provision>
    <provision>
      <type value="permit"/>
      <period>
        <start value="2021-10-29T11:00:08+02:00"/>
        <end value="2021-11-30T00:00:00+01:00"/>
      </period>
      <code>
        <coding>
          <system value="https://ths-greifswald.de/fhir/CodeSystem/gics/Policy"/>
          <code value="KDAT_retro_wissenschaftlich_nutzen"/>
          <display value="Krankenkassendaten (KKDAT) für 5 Jahre retrospektiv wissenschaftlich nutzen"/>
        </coding>
      </code>
    </provision>
  </provision>
</Consent>