<?xml version="1.0" encoding="UTF-8"?>

<ImplementationGuide xmlns="http://hl7.org/fhir">
  <id value="ths-greifswald.ttp-fhir-gw"/>
  <text>
    <status value="generated"/><div xmlns="http://www.w3.org/1999/xhtml"><p class="res-header-id"><b>Generated Narrative: ImplementationGuide ths-greifswald.ttp-fhir-gw</b></p><a name="ths-greifswald.ttp-fhir-gw"> </a><a name="hcths-greifswald.ttp-fhir-gw"> </a><h2>IGTTPFHIRGatewaygICS</h2><p>The official URL for this implementation guide is: </p><pre>https://ths-greifswald.de/fhir/gics/ImplementationGuide/ths-greifswald.ttp-fhir-gw</pre></div>
  </text>
  <url value="https://ths-greifswald.de/fhir/gics/ImplementationGuide/ths-greifswald.ttp-fhir-gw"/>
  <version value="2025.1.0"/>
  <name value="IGTTPFHIRGatewaygICS"/>
  <status value="active"/>
  <date value="2025-10-29T10:53:37+01:00"/>
  <publisher value="Unabhängige Treuhandstelle der Universitätsmedizin Greifswald"/>
  <contact>
    <name value="Unabhängige Treuhandstelle der Universitätsmedizin Greifswald"/>
    <telecom>
      <system value="url"/>
      <value value="https://www.ths-greifswald.de/"/>
    </telecom>
  </contact>
  <packageId value="ths-greifswald.ttp-fhir-gw"/>
  <license value="CC0-1.0"/>
  <fhirVersion value="4.0.1"/>
  <dependsOn id="hl7tx">
    <extension url="http://hl7.org/fhir/tools/StructureDefinition/implementationguide-dependency-comment">
      <valueMarkdown value="Automatically added as a dependency - all IGs depend on HL7 Terminology"/>
    </extension>
    <uri value="http://terminology.hl7.org/ImplementationGuide/hl7.terminology"/>
    <packageId value="hl7.terminology.r4"/>
    <version value="6.5.0"/>
  </dependsOn>
  <dependsOn id="hl7ext">
    <extension url="http://hl7.org/fhir/tools/StructureDefinition/implementationguide-dependency-comment">
      <valueMarkdown value="Automatically added as a dependency - all IGs depend on the HL7 Extension Pack"/>
    </extension>
    <uri value="http://hl7.org/fhir/extensions/ImplementationGuide/hl7.fhir.uv.extensions"/>
    <packageId value="hl7.fhir.uv.extensions.r4"/>
    <version value="5.2.0"/>
  </dependsOn>
  <dependsOn id="de_einwilligungsmanagement">
    <uri value="http://fhir.org/packages/de.einwilligungsmanagement/ImplementationGuide/de.einwilligungsmanagement"/>
    <packageId value="de.einwilligungsmanagement"/>
    <version value="2.0.0"/>
  </dependsOn>
  <dependsOn id="de_medizininformatikinitiative_kerndatensatz_consent">
    <uri value="http://fhir.org/packages/de.medizininformatikinitiative.kerndatensatz.consent/ImplementationGuide/de.medizininformatikinitiative.kerndatensatz.consent"/>
    <packageId value="de.medizininformatikinitiative.kerndatensatz.consent"/>
    <version value="2025.0.4"/>
  </dependsOn>
  <definition>
    <extension url="http://hl7.org/fhir/tools/StructureDefinition/ig-parameter">
      <extension url="code">
        <valueString value="copyrightyear"/>
      </extension>
      <extension url="value">
        <valueString value="2021+"/>
      </extension>
    </extension>
    <extension url="http://hl7.org/fhir/tools/StructureDefinition/ig-parameter">
      <extension url="code">
        <valueString value="releaselabel"/>
      </extension>
      <extension url="value">
        <valueString value="ci-build"/>
      </extension>
    </extension>
    <extension url="http://hl7.org/fhir/tools/StructureDefinition/ig-parameter">
      <extension url="code">
        <valueString value="autoload-resources"/>
      </extension>
      <extension url="value">
        <valueString value="true"/>
      </extension>
    </extension>
    <extension url="http://hl7.org/fhir/tools/StructureDefinition/ig-parameter">
      <extension url="code">
        <valueString value="path-liquid"/>
      </extension>
      <extension url="value">
        <valueString value="template/liquid"/>
      </extension>
    </extension>
    <extension url="http://hl7.org/fhir/tools/StructureDefinition/ig-parameter">
      <extension url="code">
        <valueString value="path-liquid"/>
      </extension>
      <extension url="value">
        <valueString value="input/liquid"/>
      </extension>
    </extension>
    <extension url="http://hl7.org/fhir/tools/StructureDefinition/ig-parameter">
      <extension url="code">
        <valueString value="path-qa"/>
      </extension>
      <extension url="value">
        <valueString value="temp/qa"/>
      </extension>
    </extension>
    <extension url="http://hl7.org/fhir/tools/StructureDefinition/ig-parameter">
      <extension url="code">
        <valueString value="path-temp"/>
      </extension>
      <extension url="value">
        <valueString value="temp/pages"/>
      </extension>
    </extension>
    <extension url="http://hl7.org/fhir/tools/StructureDefinition/ig-parameter">
      <extension url="code">
        <valueString value="path-output"/>
      </extension>
      <extension url="value">
        <valueString value="output"/>
      </extension>
    </extension>
    <extension url="http://hl7.org/fhir/tools/StructureDefinition/ig-parameter">
      <extension url="code">
        <valueString value="path-suppressed-warnings"/>
      </extension>
      <extension url="value">
        <valueString value="input/ignoreWarnings.txt"/>
      </extension>
    </extension>
    <extension url="http://hl7.org/fhir/tools/StructureDefinition/ig-parameter">
      <extension url="code">
        <valueString value="path-history"/>
      </extension>
      <extension url="value">
        <valueString value="https://ths-greifswald.de/fhir/gics/history.html"/>
      </extension>
    </extension>
    <extension url="http://hl7.org/fhir/tools/StructureDefinition/ig-parameter">
      <extension url="code">
        <valueString value="template-html"/>
      </extension>
      <extension url="value">
        <valueString value="template-page.html"/>
      </extension>
    </extension>
    <extension url="http://hl7.org/fhir/tools/StructureDefinition/ig-parameter">
      <extension url="code">
        <valueString value="template-md"/>
      </extension>
      <extension url="value">
        <valueString value="template-page-md.html"/>
      </extension>
    </extension>
    <extension url="http://hl7.org/fhir/tools/StructureDefinition/ig-parameter">
      <extension url="code">
        <valueString value="apply-contact"/>
      </extension>
      <extension url="value">
        <valueString value="true"/>
      </extension>
    </extension>
    <extension url="http://hl7.org/fhir/tools/StructureDefinition/ig-parameter">
      <extension url="code">
        <valueString value="apply-context"/>
      </extension>
      <extension url="value">
        <valueString value="true"/>
      </extension>
    </extension>
    <extension url="http://hl7.org/fhir/tools/StructureDefinition/ig-parameter">
      <extension url="code">
        <valueString value="apply-copyright"/>
      </extension>
      <extension url="value">
        <valueString value="true"/>
      </extension>
    </extension>
    <extension url="http://hl7.org/fhir/tools/StructureDefinition/ig-parameter">
      <extension url="code">
        <valueString value="apply-jurisdiction"/>
      </extension>
      <extension url="value">
        <valueString value="true"/>
      </extension>
    </extension>
    <extension url="http://hl7.org/fhir/tools/StructureDefinition/ig-parameter">
      <extension url="code">
        <valueString value="apply-license"/>
      </extension>
      <extension url="value">
        <valueString value="true"/>
      </extension>
    </extension>
    <extension url="http://hl7.org/fhir/tools/StructureDefinition/ig-parameter">
      <extension url="code">
        <valueString value="apply-publisher"/>
      </extension>
      <extension url="value">
        <valueString value="true"/>
      </extension>
    </extension>
    <extension url="http://hl7.org/fhir/tools/StructureDefinition/ig-parameter">
      <extension url="code">
        <valueString value="apply-version"/>
      </extension>
      <extension url="value">
        <valueString value="true"/>
      </extension>
    </extension>
    <extension url="http://hl7.org/fhir/tools/StructureDefinition/ig-parameter">
      <extension url="code">
        <valueString value="apply-wg"/>
      </extension>
      <extension url="value">
        <valueString value="true"/>
      </extension>
    </extension>
    <extension url="http://hl7.org/fhir/tools/StructureDefinition/ig-parameter">
      <extension url="code">
        <valueString value="active-tables"/>
      </extension>
      <extension url="value">
        <valueString value="true"/>
      </extension>
    </extension>
    <extension url="http://hl7.org/fhir/tools/StructureDefinition/ig-parameter">
      <extension url="code">
        <valueString value="fmm-definition"/>
      </extension>
      <extension url="value">
        <valueString value="http://hl7.org/fhir/versions.html#maturity"/>
      </extension>
    </extension>
    <extension url="http://hl7.org/fhir/tools/StructureDefinition/ig-parameter">
      <extension url="code">
        <valueString value="propagate-status"/>
      </extension>
      <extension url="value">
        <valueString value="true"/>
      </extension>
    </extension>
    <extension url="http://hl7.org/fhir/tools/StructureDefinition/ig-parameter">
      <extension url="code">
        <valueString value="excludelogbinaryformat"/>
      </extension>
      <extension url="value">
        <valueString value="true"/>
      </extension>
    </extension>
    <extension url="http://hl7.org/fhir/tools/StructureDefinition/ig-parameter">
      <extension url="code">
        <valueString value="tabbed-snapshots"/>
      </extension>
      <extension url="value">
        <valueString value="true"/>
      </extension>
    </extension>
    <extension url="http://hl7.org/fhir/tools/StructureDefinition/ig-internal-dependency">
      <valueCode value="hl7.fhir.uv.tools.r4#0.8.0"/>
    </extension>
    <extension url="http://hl7.org/fhir/tools/StructureDefinition/ig-parameter">
      <extension url="code">
        <valueCode value="copyrightyear"/>
      </extension>
      <extension url="value">
        <valueString value="2021+"/>
      </extension>
    </extension>
    <extension url="http://hl7.org/fhir/tools/StructureDefinition/ig-parameter">
      <extension url="code">
        <valueCode value="releaselabel"/>
      </extension>
      <extension url="value">
        <valueString value="ci-build"/>
      </extension>
    </extension>
    <extension url="http://hl7.org/fhir/tools/StructureDefinition/ig-parameter">
      <extension url="code">
        <valueCode value="autoload-resources"/>
      </extension>
      <extension url="value">
        <valueString value="true"/>
      </extension>
    </extension>
    <extension url="http://hl7.org/fhir/tools/StructureDefinition/ig-parameter">
      <extension url="code">
        <valueCode value="path-liquid"/>
      </extension>
      <extension url="value">
        <valueString value="template/liquid"/>
      </extension>
    </extension>
    <extension url="http://hl7.org/fhir/tools/StructureDefinition/ig-parameter">
      <extension url="code">
        <valueCode value="path-liquid"/>
      </extension>
      <extension url="value">
        <valueString value="input/liquid"/>
      </extension>
    </extension>
    <extension url="http://hl7.org/fhir/tools/StructureDefinition/ig-parameter">
      <extension url="code">
        <valueCode value="path-qa"/>
      </extension>
      <extension url="value">
        <valueString value="temp/qa"/>
      </extension>
    </extension>
    <extension url="http://hl7.org/fhir/tools/StructureDefinition/ig-parameter">
      <extension url="code">
        <valueCode value="path-temp"/>
      </extension>
      <extension url="value">
        <valueString value="temp/pages"/>
      </extension>
    </extension>
    <extension url="http://hl7.org/fhir/tools/StructureDefinition/ig-parameter">
      <extension url="code">
        <valueCode value="path-output"/>
      </extension>
      <extension url="value">
        <valueString value="output"/>
      </extension>
    </extension>
    <extension url="http://hl7.org/fhir/tools/StructureDefinition/ig-parameter">
      <extension url="code">
        <valueCode value="path-suppressed-warnings"/>
      </extension>
      <extension url="value">
        <valueString value="input/ignoreWarnings.txt"/>
      </extension>
    </extension>
    <extension url="http://hl7.org/fhir/tools/StructureDefinition/ig-parameter">
      <extension url="code">
        <valueCode value="path-history"/>
      </extension>
      <extension url="value">
        <valueString value="https://ths-greifswald.de/fhir/gics/history.html"/>
      </extension>
    </extension>
    <extension url="http://hl7.org/fhir/tools/StructureDefinition/ig-parameter">
      <extension url="code">
        <valueCode value="template-html"/>
      </extension>
      <extension url="value">
        <valueString value="template-page.html"/>
      </extension>
    </extension>
    <extension url="http://hl7.org/fhir/tools/StructureDefinition/ig-parameter">
      <extension url="code">
        <valueCode value="template-md"/>
      </extension>
      <extension url="value">
        <valueString value="template-page-md.html"/>
      </extension>
    </extension>
    <extension url="http://hl7.org/fhir/tools/StructureDefinition/ig-parameter">
      <extension url="code">
        <valueCode value="apply-contact"/>
      </extension>
      <extension url="value">
        <valueString value="true"/>
      </extension>
    </extension>
    <extension url="http://hl7.org/fhir/tools/StructureDefinition/ig-parameter">
      <extension url="code">
        <valueCode value="apply-context"/>
      </extension>
      <extension url="value">
        <valueString value="true"/>
      </extension>
    </extension>
    <extension url="http://hl7.org/fhir/tools/StructureDefinition/ig-parameter">
      <extension url="code">
        <valueCode value="apply-copyright"/>
      </extension>
      <extension url="value">
        <valueString value="true"/>
      </extension>
    </extension>
    <extension url="http://hl7.org/fhir/tools/StructureDefinition/ig-parameter">
      <extension url="code">
        <valueCode value="apply-jurisdiction"/>
      </extension>
      <extension url="value">
        <valueString value="true"/>
      </extension>
    </extension>
    <extension url="http://hl7.org/fhir/tools/StructureDefinition/ig-parameter">
      <extension url="code">
        <valueCode value="apply-license"/>
      </extension>
      <extension url="value">
        <valueString value="true"/>
      </extension>
    </extension>
    <extension url="http://hl7.org/fhir/tools/StructureDefinition/ig-parameter">
      <extension url="code">
        <valueCode value="apply-publisher"/>
      </extension>
      <extension url="value">
        <valueString value="true"/>
      </extension>
    </extension>
    <extension url="http://hl7.org/fhir/tools/StructureDefinition/ig-parameter">
      <extension url="code">
        <valueCode value="apply-version"/>
      </extension>
      <extension url="value">
        <valueString value="true"/>
      </extension>
    </extension>
    <extension url="http://hl7.org/fhir/tools/StructureDefinition/ig-parameter">
      <extension url="code">
        <valueCode value="apply-wg"/>
      </extension>
      <extension url="value">
        <valueString value="true"/>
      </extension>
    </extension>
    <extension url="http://hl7.org/fhir/tools/StructureDefinition/ig-parameter">
      <extension url="code">
        <valueCode value="active-tables"/>
      </extension>
      <extension url="value">
        <valueString value="true"/>
      </extension>
    </extension>
    <extension url="http://hl7.org/fhir/tools/StructureDefinition/ig-parameter">
      <extension url="code">
        <valueCode value="fmm-definition"/>
      </extension>
      <extension url="value">
        <valueString value="http://hl7.org/fhir/versions.html#maturity"/>
      </extension>
    </extension>
    <extension url="http://hl7.org/fhir/tools/StructureDefinition/ig-parameter">
      <extension url="code">
        <valueCode value="propagate-status"/>
      </extension>
      <extension url="value">
        <valueString value="true"/>
      </extension>
    </extension>
    <extension url="http://hl7.org/fhir/tools/StructureDefinition/ig-parameter">
      <extension url="code">
        <valueCode value="excludelogbinaryformat"/>
      </extension>
      <extension url="value">
        <valueString value="true"/>
      </extension>
    </extension>
    <extension url="http://hl7.org/fhir/tools/StructureDefinition/ig-parameter">
      <extension url="code">
        <valueCode value="tabbed-snapshots"/>
      </extension>
      <extension url="value">
        <valueString value="true"/>
      </extension>
    </extension>
    <resource>
      <extension url="http://hl7.org/fhir/tools/StructureDefinition/resource-information">
        <valueString value="Questionnaire"/>
      </extension>
      <reference>
        <reference value="Questionnaire/ConsentTemplate-example-1"/>
      </reference>
      <name value="&lt;h1&gt;Einwilligungserklärung&lt;/h1&gt;"/>
      <exampleCanonical value="https://ths-greifswald.de/fhir/gics/StructureDefinition/ConsentTemplate"/>
    </resource>
    <resource>
      <extension url="http://hl7.org/fhir/tools/StructureDefinition/resource-information">
        <valueString value="SearchParameter"/>
      </extension>
      <reference>
        <reference value="SearchParameter/ActivityDefinitionCode"/>
      </reference>
      <name value="ActivityDefinitionCode"/>
      <description value="Eindeutiger Code der Consent Policy (ActivityDefiniton)"/>
      <exampleBoolean value="false"/>
    </resource>
    <resource>
      <extension url="http://hl7.org/fhir/tools/StructureDefinition/resource-information">
        <valueString value="OperationDefinition"/>
      </extension>
      <reference>
        <reference value="OperationDefinition/AddConsent"/>
      </reference>
      <name value="Add a consent related QuestionnaireResponse for a patient"/>
      <description value="Nimmt die Einwilligungsinformationen einschließlich Nebeninformationen (Unterschrift, Scan) für einen (ggf. neuen) Patienten entgegen, um auf dieser Basis eine neue Einwilligung im gICS zu erzeugen. Liefert Bundle vom Typ &quot;collection&quot;. Das Bundle enthält die errechnete FHIR Consent-Resource, sowie alle für diesen spezifischen Consent relevanten Ressourcen (z.B. QuestionnaireComposed, QuestionnaireResponse, Provenance, Patient)."/>
      <exampleBoolean value="false"/>
    </resource>
    <resource>
      <extension url="http://hl7.org/fhir/tools/StructureDefinition/resource-information">
        <valueString value="OperationDefinition"/>
      </extension>
      <reference>
        <reference value="OperationDefinition/AddConsentOptOut"/>
      </reference>
      <name value="Add a consent related QuestionnaireResponse for a patient in an opt-out context"/>
      <description value="Erstellt die Einwilligungsinformationen in einem Opt-Out-Kontext für einen (ggf. neuen) Patienten, um auf dieser Basis eine neue Einwilligung im gICS zu erzeugen. Liefert Bundle vom Typ &quot;collection&quot;. Das Bundle enthält die errechnete FHIR Consent-Resource."/>
      <exampleBoolean value="false"/>
    </resource>
    <resource>
      <extension url="http://hl7.org/fhir/tools/StructureDefinition/resource-information">
        <valueString value="Bundle"/>
      </extension>
      <reference>
        <reference value="Bundle/AddConsent-response-example-1"/>
      </reference>
      <name value="AddConsent-response-example-1"/>
      <exampleBoolean value="true"/>
    </resource>
    <resource>
      <extension url="http://hl7.org/fhir/tools/StructureDefinition/resource-information">
        <valueString value="Bundle"/>
      </extension>
      <reference>
        <reference value="Bundle/AddConsentOptOut-response-example-1"/>
      </reference>
      <name value="AddConsentOptOut-response-example-1"/>
      <exampleBoolean value="true"/>
    </resource>
    <resource>
      <extension url="http://hl7.org/fhir/tools/StructureDefinition/resource-information">
        <valueString value="OperationDefinition"/>
      </extension>
      <reference>
        <reference value="OperationDefinition/AllConsentsForDomain"/>
      </reference>
      <name value="All consents for domain"/>
      <description value="Liefert alle Consente einer spezifischen Einwilligungsdomaene. Die Rückgabe erfolgt als Bundle vom Typ &quot;collection&quot;. Das Bundle enthält je Consent jeweils ein Bundle mit allen für den spezifischen Consent relevanten Ressourcen (TemplateFrame, QuestionnaireComposed, QuestionnaireResponse, Provenance,Patient und i.a. DocumentReference). Details zu den verwendeten Profilen unterhttps://ig.fhir.de/einwilligungsmanagement/stable/Home.html"/>
      <exampleBoolean value="false"/>
    </resource>
    <resource>
      <extension url="http://hl7.org/fhir/tools/StructureDefinition/resource-information">
        <valueString value="OperationDefinition"/>
      </extension>
      <reference>
        <reference value="OperationDefinition/AllConsentsForPerson"/>
      </reference>
      <name value="All consents for person"/>
      <description value="Liefert alle Consente einer Person einer spezifischen Einwilligungsdomaene. Die Rückgabe erfolgt als Bundle vom Typ &quot;collection&quot;. Das Bundle enthält je Consent einen Bundle-Entry, der alle für den spezifischen Consent relevanten Ressourcen (z.B. TemplateFrame, QuestionnaireComposed, QuestionnaireResponse, Provenance) enthält. Details zu den verwendeten Profilen unterhttps://ig.fhir.de/einwilligungsmanagement/stable/Home.html"/>
      <exampleBoolean value="false"/>
    </resource>
    <resource>
      <extension url="http://hl7.org/fhir/tools/StructureDefinition/resource-information">
        <valueString value="OperationDefinition"/>
      </extension>
      <reference>
        <reference value="OperationDefinition/AllConsentsForTemplate"/>
      </reference>
      <name value="All consents for template"/>
      <description value="Liefert alle Consente eines spezifischen TemplateFrame unter Angabe des TemplateFrame-Identifiers (Vorlagenbezug) per POST-Request. Die Rückgabe erfolgt als Bundle vom Typ &quot;collection&quot;. Das Bundle enthält je Consent einen Bundle-Entry, der alle für den spezifischen Consent relevanten Ressourcen (z.B. TemplateFrame, QuestionnaireComposed, QuestionnaireResponse, Provenance) enthält. Details zu den verwendeten Profilen unterhttps://ig.fhir.de/einwilligungsmanagement/stable/Home.html"/>
      <exampleBoolean value="false"/>
    </resource>
    <resource>
      <extension url="http://hl7.org/fhir/tools/StructureDefinition/resource-information">
        <valueString value="OperationDefinition"/>
      </extension>
      <reference>
        <reference value="OperationDefinition/AllPolicyStatesForPerson"/>
      </reference>
      <name value="All policy states for person"/>
      <description value="Liefert alle jemals unterzeichneten Policies einer Person einer spezifischen Einwilligungsdomaene. Die Rückgabe erfolgt als Bundle vom Typ &quot;collection&quot;. Das Bundle enthält ausschließlich Consent-Ressourcen zur Abbildung der Policies, d.h. je unterzeichneter Policy ist eine Consent-Ressource mit jeweils einer Policy (provision) enthalten.&#xD;&#xA;Es werden alle jemals von Patienten unterzeichneten Policies zurückgegeben (ConsentProvisionType: permit/deny). Policies mit gICS-internem Status UNKNOWN, NOT_ASKED, NOT_CHOSEN, WITHDRAWN, INVALIDATED, REFUSED oder EXPIRED werden mit ConsentProvisionType &quot;deny&quot; zurückgegeben.&#xD;&#xA;&#xD;&#xA;Sollen nur die jeweils neueste Policies angezeigt werden, ist clientseit eine Filterung anhand Datum, Policyversion etc. erforderlich oder alternativ die Operation currentPolicyStatesForPerson zu nutzen."/>
      <exampleBoolean value="false"/>
    </resource>
    <resource>
      <extension url="http://hl7.org/fhir/tools/StructureDefinition/resource-information">
        <valueString value="Parameters"/>
      </extension>
      <reference>
        <reference value="Parameters/AllConsentsForDomain-request-example-1"/>
      </reference>
      <name value="AllConsentsForDomain-request-example-1"/>
      <exampleBoolean value="true"/>
    </resource>
    <resource>
      <extension url="http://hl7.org/fhir/tools/StructureDefinition/resource-information">
        <valueString value="Bundle"/>
      </extension>
      <reference>
        <reference value="Bundle/AllConsentsForDomain-response-example-1"/>
      </reference>
      <name value="AllConsentsForDomain-response-example-1"/>
      <exampleBoolean value="true"/>
    </resource>
    <resource>
      <extension url="http://hl7.org/fhir/tools/StructureDefinition/resource-information">
        <valueString value="Parameters"/>
      </extension>
      <reference>
        <reference value="Parameters/AllConsentsForPerson-request-example-1"/>
      </reference>
      <name value="AllConsentsForPerson-request-example-1"/>
      <exampleBoolean value="true"/>
    </resource>
    <resource>
      <extension url="http://hl7.org/fhir/tools/StructureDefinition/resource-information">
        <valueString value="Bundle"/>
      </extension>
      <reference>
        <reference value="Bundle/AllConsentsForPerson-response-example-1"/>
      </reference>
      <name value="AllConsentsForPerson-response-example-1"/>
      <exampleBoolean value="true"/>
    </resource>
    <resource>
      <extension url="http://hl7.org/fhir/tools/StructureDefinition/resource-information">
        <valueString value="Parameters"/>
      </extension>
      <reference>
        <reference value="Parameters/AllConsentsForTemplate-request-example-1"/>
      </reference>
      <name value="AllConsentsForTemplate-request-example-1"/>
      <exampleBoolean value="true"/>
    </resource>
    <resource>
      <extension url="http://hl7.org/fhir/tools/StructureDefinition/resource-information">
        <valueString value="Bundle"/>
      </extension>
      <reference>
        <reference value="Bundle/AllConsentsForTemplate-response-example-1"/>
      </reference>
      <name value="AllConsentsForTemplate-response-example-1"/>
      <exampleBoolean value="true"/>
    </resource>
    <resource>
      <extension url="http://hl7.org/fhir/tools/StructureDefinition/resource-information">
        <valueString value="Parameters"/>
      </extension>
      <reference>
        <reference value="Parameters/AllPolicyStatesForPerson-request-example-1"/>
      </reference>
      <name value="AllPolicyStatesForPerson-request-example-1"/>
      <exampleBoolean value="true"/>
    </resource>
    <resource>
      <extension url="http://hl7.org/fhir/tools/StructureDefinition/resource-information">
        <valueString value="Bundle"/>
      </extension>
      <reference>
        <reference value="Bundle/AllPolicyStatesForPerson-response-example-1"/>
      </reference>
      <name value="AllPolicyStatesForPerson-response-example-1"/>
      <exampleBoolean value="true"/>
    </resource>
    <resource>
      <extension url="http://hl7.org/fhir/tools/StructureDefinition/resource-information">
        <valueString value="ValueSet"/>
      </extension>
      <reference>
        <reference value="ValueSet/BloomfilterTypeVS"/>
      </reference>
      <name value="BloomfilterType"/>
      <exampleBoolean value="false"/>
    </resource>
    <resource>
      <extension url="http://hl7.org/fhir/tools/StructureDefinition/resource-information">
        <valueString value="CodeSystem"/>
      </extension>
      <reference>
        <reference value="CodeSystem/BloomfilterTypeCS"/>
      </reference>
      <name value="BloomfilterType"/>
      <description value="Types of Bloomfilters."/>
      <exampleBoolean value="false"/>
    </resource>
    <resource>
      <extension url="http://hl7.org/fhir/tools/StructureDefinition/resource-information">
        <valueString value="StructureDefinition:extension"/>
      </extension>
      <reference>
        <reference value="StructureDefinition/Comment"/>
      </reference>
      <name value="Comment"/>
      <description value="ergänzender Kommentar"/>
      <exampleBoolean value="false"/>
    </resource>
    <resource>
      <extension url="http://hl7.org/fhir/tools/StructureDefinition/resource-information">
        <valueString value="StructureDefinition:extension"/>
      </extension>
      <reference>
        <reference value="StructureDefinition/ConfigurationProperties"/>
      </reference>
      <name value="ConfigurationProperties"/>
      <description value="Configuration Properties (Parameters) in XML format, base64 encoded."/>
      <exampleBoolean value="false"/>
    </resource>
    <resource>
      <extension url="http://hl7.org/fhir/tools/StructureDefinition/resource-information">
        <valueString value="StructureDefinition:resource"/>
      </extension>
      <reference>
        <reference value="StructureDefinition/ConsentDomain"/>
      </reference>
      <name value="Consent Domain"/>
      <description value="Erweitertes Profil der Consent Management Domain Research Study (Arbeitsgruppe Einwilligungsmanagement) zur Abbildung aller relevanten Domänen-Infos für gICS über entsprechende Extensions"/>
      <exampleBoolean value="false"/>
    </resource>
    <resource>
      <extension url="http://hl7.org/fhir/tools/StructureDefinition/resource-information">
        <valueString value="StructureDefinition:resource"/>
      </extension>
      <reference>
        <reference value="StructureDefinition/ConsentModule"/>
      </reference>
      <name value="Consent Module"/>
      <description value="Wiederverwendbares Consent Module auf Basis des ConsentManagementTemplateModules erweitertet um ausgewählte gICS Eigenschaften"/>
      <exampleBoolean value="false"/>
    </resource>
    <resource>
      <extension url="http://hl7.org/fhir/tools/StructureDefinition/resource-information">
        <valueString value="StructureDefinition:extension"/>
      </extension>
      <reference>
        <reference value="StructureDefinition/ConsentPolicyReference"/>
      </reference>
      <name value="Consent Policy Reference"/>
      <description value="Referenz auf eine Consent Policy zur Verwendung innerhalb eines Consent Moduls"/>
      <exampleBoolean value="false"/>
    </resource>
    <resource>
      <extension url="http://hl7.org/fhir/tools/StructureDefinition/resource-information">
        <valueString value="StructureDefinition:resource"/>
      </extension>
      <reference>
        <reference value="StructureDefinition/ConsentQualityControl"/>
      </reference>
      <name value="Consent Quality Control"/>
      <description value="Dokumentation des Status der Qualitätsprüfung einer ausgefüllten Einwilligung (QuestionnaireResponse)"/>
      <exampleBoolean value="false"/>
    </resource>
    <resource>
      <extension url="http://hl7.org/fhir/tools/StructureDefinition/resource-information">
        <valueString value="StructureDefinition:resource"/>
      </extension>
      <reference>
        <reference value="StructureDefinition/ConsentTemplate"/>
      </reference>
      <name value="Consent Template"/>
      <description value="Einwilligungsvorlage auf Basis des ConsentManagementTemplateFrame erweitertet um ausgewählte gICS Eigenschaften"/>
      <exampleBoolean value="false"/>
    </resource>
    <resource>
      <extension url="http://hl7.org/fhir/tools/StructureDefinition/resource-information">
        <valueString value="Bundle"/>
      </extension>
      <reference>
        <reference value="Bundle/Consent-Bundle-example-1"/>
      </reference>
      <name value="Consent-Bundle-example-1"/>
      <exampleBoolean value="true"/>
    </resource>
    <resource>
      <extension url="http://hl7.org/fhir/tools/StructureDefinition/resource-information">
        <valueString value="Consent"/>
      </extension>
      <reference>
        <reference value="Consent/Consent-example-1"/>
      </reference>
      <name value="Consent-example-1"/>
      <exampleCanonical value="https://ths-greifswald.de/fhir/StructureDefinition/gics/Consent"/>
    </resource>
    <resource>
      <extension url="http://hl7.org/fhir/tools/StructureDefinition/resource-information">
        <valueString value="Consent"/>
      </extension>
      <reference>
        <reference value="Consent/Consent-example-2"/>
      </reference>
      <name value="Consent-example-2"/>
      <exampleCanonical value="https://ths-greifswald.de/fhir/StructureDefinition/gics/Consent"/>
    </resource>
    <resource>
      <extension url="http://hl7.org/fhir/tools/StructureDefinition/resource-information">
        <valueString value="Consent"/>
      </extension>
      <reference>
        <reference value="Consent/Consent-example-3"/>
      </reference>
      <name value="Consent-example-3"/>
      <exampleCanonical value="https://ths-greifswald.de/fhir/StructureDefinition/gics/Consent"/>
    </resource>
    <resource>
      <extension url="http://hl7.org/fhir/tools/StructureDefinition/resource-information">
        <valueString value="ValueSet"/>
      </extension>
      <reference>
        <reference value="ValueSet/ConsentComponentTypeVS"/>
      </reference>
      <name value="ConsentComponentType"/>
      <exampleBoolean value="false"/>
    </resource>
    <resource>
      <extension url="http://hl7.org/fhir/tools/StructureDefinition/resource-information">
        <valueString value="CodeSystem"/>
      </extension>
      <reference>
        <reference value="CodeSystem/ConsentComponentTypeCS"/>
      </reference>
      <name value="ConsentComponentType"/>
      <description value="Typen der für gICS relevanten Consent-Componenten zur Unterscheidung als Suchkriterium"/>
      <exampleBoolean value="false"/>
    </resource>
    <resource>
      <extension url="http://hl7.org/fhir/tools/StructureDefinition/resource-information">
        <valueString value="Questionnaire"/>
      </extension>
      <reference>
        <reference value="Questionnaire/ConsentModule-example-1"/>
      </reference>
      <name value="ConsentModule-example-1"/>
      <exampleCanonical value="https://ths-greifswald.de/fhir/gics/StructureDefinition/ConsentModule"/>
    </resource>
    <resource>
      <extension url="http://hl7.org/fhir/tools/StructureDefinition/resource-information">
        <valueString value="StructureDefinition:resource"/>
      </extension>
      <reference>
        <reference value="StructureDefinition/ConsentPolicy"/>
      </reference>
      <name value="ConsentPolicy"/>
      <description value="Abbildung aller relevanten Information zur Verwaltung wiederverwendbarer Einwilligungspolicies mit gICS"/>
      <exampleBoolean value="false"/>
    </resource>
    <resource>
      <extension url="http://hl7.org/fhir/tools/StructureDefinition/resource-information">
        <valueString value="ValueSet"/>
      </extension>
      <reference>
        <reference value="ValueSet/ConsentPolicyActionVS"/>
      </reference>
      <name value="ConsentPolicyAction"/>
      <exampleBoolean value="false"/>
    </resource>
    <resource>
      <extension url="http://hl7.org/fhir/tools/StructureDefinition/resource-information">
        <valueString value="CodeSystem"/>
      </extension>
      <reference>
        <reference value="CodeSystem/ConsentPolicyActionCS"/>
      </reference>
      <name value="ConsentPolicyAction"/>
      <description value="Extensible description of the permissible (data processing-) action resulting from consented module or policy."/>
      <exampleBoolean value="false"/>
    </resource>
    <resource>
      <extension url="http://hl7.org/fhir/tools/StructureDefinition/resource-information">
        <valueString value="ValueSet"/>
      </extension>
      <reference>
        <reference value="ValueSet/ConsentPolicyActorVS"/>
      </reference>
      <name value="ConsentPolicyActor"/>
      <exampleBoolean value="false"/>
    </resource>
    <resource>
      <extension url="http://hl7.org/fhir/tools/StructureDefinition/resource-information">
        <valueString value="CodeSystem"/>
      </extension>
      <reference>
        <reference value="CodeSystem/ConsentPolicyActorCS"/>
      </reference>
      <name value="ConsentPolicyActor"/>
      <description value="Expandable categorisation of consumer/requestor of a consent enforcement request  related to a specific consent component (e.g. policy or module)"/>
      <exampleBoolean value="false"/>
    </resource>
    <resource>
      <extension url="http://hl7.org/fhir/tools/StructureDefinition/resource-information">
        <valueString value="ValueSet"/>
      </extension>
      <reference>
        <reference value="ValueSet/ConsentPolicyClassVS"/>
      </reference>
      <name value="ConsentPolicyClass"/>
      <exampleBoolean value="false"/>
    </resource>
    <resource>
      <extension url="http://hl7.org/fhir/tools/StructureDefinition/resource-information">
        <valueString value="CodeSystem"/>
      </extension>
      <reference>
        <reference value="CodeSystem/ConsentPolicyClassCS"/>
      </reference>
      <name value="ConsentPolicyClass"/>
      <description value="Extensible description of the application perspective of a ConsentPolicy (e.g. selected data view 'IDAT')"/>
      <exampleBoolean value="false"/>
    </resource>
    <resource>
      <extension url="http://hl7.org/fhir/tools/StructureDefinition/resource-information">
        <valueString value="ValueSet"/>
      </extension>
      <reference>
        <reference value="ValueSet/ConsentPolicyPurposeVS"/>
      </reference>
      <name value="ConsentPolicyPurpose"/>
      <exampleBoolean value="false"/>
    </resource>
    <resource>
      <extension url="http://hl7.org/fhir/tools/StructureDefinition/resource-information">
        <valueString value="CodeSystem"/>
      </extension>
      <reference>
        <reference value="CodeSystem/ConsentPolicyPurposeCS"/>
      </reference>
      <name value="ConsentPolicyPurpose"/>
      <description value="Expandable specification of the application context and/or scope of a consent policy or module"/>
      <exampleBoolean value="false"/>
    </resource>
    <resource>
      <extension url="http://hl7.org/fhir/tools/StructureDefinition/resource-information">
        <valueString value="VerificationResult"/>
      </extension>
      <reference>
        <reference value="VerificationResult/ConsentQualityControl-example-1"/>
      </reference>
      <name value="ConsentQualityControl-example-1"/>
      <exampleCanonical value="https://ths-greifswald.de/fhir/StructureDefinition/gics/VerificationResult/ConsentQualityControl"/>
    </resource>
    <resource>
      <extension url="http://hl7.org/fhir/tools/StructureDefinition/resource-information">
        <valueString value="ValueSet"/>
      </extension>
      <reference>
        <reference value="ValueSet/ConsentStatusVS"/>
      </reference>
      <name value="ConsentStatus"/>
      <exampleBoolean value="false"/>
    </resource>
    <resource>
      <extension url="http://hl7.org/fhir/tools/StructureDefinition/resource-information">
        <valueString value="CodeSystem"/>
      </extension>
      <reference>
        <reference value="CodeSystem/ConsentStatusCS"/>
      </reference>
      <name value="ConsentStatus"/>
      <description value=" consent states are used to depict the participant’s will. Therefore, documentation should allow different status values. Further details from https://doi.org/10.1186/s12967-020-02457-y"/>
      <exampleBoolean value="false"/>
    </resource>
    <resource>
      <extension url="http://hl7.org/fhir/tools/StructureDefinition/resource-information">
        <valueString value="ValueSet"/>
      </extension>
      <reference>
        <reference value="ValueSet/ConsentStatusConsentFullValuesVS"/>
      </reference>
      <name value="ConsentStatusConsentFullValues"/>
      <exampleBoolean value="false"/>
    </resource>
    <resource>
      <extension url="http://hl7.org/fhir/tools/StructureDefinition/resource-information">
        <valueString value="ValueSet"/>
      </extension>
      <reference>
        <reference value="ValueSet/ConsentStatusConsentOptOutFullValuesVS"/>
      </reference>
      <name value="ConsentStatusConsentOptOutFullValues"/>
      <exampleBoolean value="false"/>
    </resource>
    <resource>
      <extension url="http://hl7.org/fhir/tools/StructureDefinition/resource-information">
        <valueString value="ValueSet"/>
      </extension>
      <reference>
        <reference value="ValueSet/ConsentStatusConsentOptOutShortValuesVS"/>
      </reference>
      <name value="ConsentStatusConsentOptOutShortValues"/>
      <exampleBoolean value="false"/>
    </resource>
    <resource>
      <extension url="http://hl7.org/fhir/tools/StructureDefinition/resource-information">
        <valueString value="ValueSet"/>
      </extension>
      <reference>
        <reference value="ValueSet/ConsentStatusConsentShortValuesVS"/>
      </reference>
      <name value="ConsentStatusConsentShortValues"/>
      <exampleBoolean value="false"/>
    </resource>
    <resource>
      <extension url="http://hl7.org/fhir/tools/StructureDefinition/resource-information">
        <valueString value="ValueSet"/>
      </extension>
      <reference>
        <reference value="ValueSet/ConsentStatusObjectionFullValuesVS"/>
      </reference>
      <name value="ConsentStatusObjectionFullValues"/>
      <exampleBoolean value="false"/>
    </resource>
    <resource>
      <extension url="http://hl7.org/fhir/tools/StructureDefinition/resource-information">
        <valueString value="ValueSet"/>
      </extension>
      <reference>
        <reference value="ValueSet/ConsentStatusObjectionShortValuesVS"/>
      </reference>
      <name value="ConsentStatusObjectionShortValues"/>
      <exampleBoolean value="false"/>
    </resource>
    <resource>
      <extension url="http://hl7.org/fhir/tools/StructureDefinition/resource-information">
        <valueString value="ValueSet"/>
      </extension>
      <reference>
        <reference value="ValueSet/ConsentStatusRefusalFullValuesVS"/>
      </reference>
      <name value="ConsentStatusRefusalFullValues"/>
      <exampleBoolean value="false"/>
    </resource>
    <resource>
      <extension url="http://hl7.org/fhir/tools/StructureDefinition/resource-information">
        <valueString value="ValueSet"/>
      </extension>
      <reference>
        <reference value="ValueSet/ConsentStatusRefusalShortValuesVS"/>
      </reference>
      <name value="ConsentStatusRefusalShortValues"/>
      <exampleBoolean value="false"/>
    </resource>
    <resource>
      <extension url="http://hl7.org/fhir/tools/StructureDefinition/resource-information">
        <valueString value="ValueSet"/>
      </extension>
      <reference>
        <reference value="ValueSet/ConsentStatusWithdrawalFullValuesVS"/>
      </reference>
      <name value="ConsentStatusWithdrawalFullValues"/>
      <exampleBoolean value="false"/>
    </resource>
    <resource>
      <extension url="http://hl7.org/fhir/tools/StructureDefinition/resource-information">
        <valueString value="ValueSet"/>
      </extension>
      <reference>
        <reference value="ValueSet/ConsentStatusWithdrawalShortValuesVS"/>
      </reference>
      <name value="ConsentStatusWithdrawalShortValues"/>
      <exampleBoolean value="false"/>
    </resource>
    <resource>
      <extension url="http://hl7.org/fhir/tools/StructureDefinition/resource-information">
        <valueString value="StructureDefinition:extension"/>
      </extension>
      <reference>
        <reference value="StructureDefinition/Created"/>
      </reference>
      <name value="Created"/>
      <description value="Erstellungsdatum der Ressource/Information"/>
      <exampleBoolean value="false"/>
    </resource>
    <resource>
      <extension url="http://hl7.org/fhir/tools/StructureDefinition/resource-information">
        <valueString value="OperationDefinition"/>
      </extension>
      <reference>
        <reference value="OperationDefinition/CurrentConsentForPersonAndTemplate"/>
      </reference>
      <name value="Current consent for person and template"/>
      <description value="Liefert den aktuellen Consent einer Person bezogen auf eine spezifische Einwilligungsvorlage (unter Angabe des TemplateFrame-Identifiers) per POST-Request. Aktuell bedeutet &lt;b&gt;&quot;höchste Version der Einwilligungsvorlage&quot; UND &quot;jüngstes Datum&quot;&lt;/b&gt;. Die Rückgabe erfolgt als Bundle vom Typ &quot;collection&quot;. Das Bundle enthält alle für den spezifischen Consent relevanten Ressourcen (z.B. TemplateFrame, QuestionnaireComposed, QuestionnaireResponse, Provenance). Details zu den verwendeten Profilen unterhttps://ig.fhir.de/einwilligungsmanagement/stable/Home.html"/>
      <exampleBoolean value="false"/>
    </resource>
    <resource>
      <extension url="http://hl7.org/fhir/tools/StructureDefinition/resource-information">
        <valueString value="OperationDefinition"/>
      </extension>
      <reference>
        <reference value="OperationDefinition/CurrentPolicyStatesForPerson"/>
      </reference>
      <name value="Current policy states for person"/>
      <description value="Liefert die aktuellen, gültigen Policies einer Person einer spezifischen Einwilligungsdomaene (Status: permit, deny). Die Rückgabe erfolgt als Bundle vom Typ &quot;collection&quot;. Das Bundle enthält ausschließlich Consent-Ressourcen zur Abbildung der Policies, d.h. je unterzeichneter Policy ist eine Consent-Ressource mit jeweils einer Policy (provision) enthalten.&#xD;&#xA;&#xD;&#xA;Per default werden alle aktuell gültigen vom Patienten unterzeichneten Policies zurückgegeben (Accepted=Permit, Declined=Deny, Unknown=Deny). Sollen eingewilligte Policies mit Status &quot;Unknown&quot; ignoriert werden (mittels UNKNOWN können detailliertere Statusangaben wie UNKNOWN, NOT_ASKED, NOT_CHOSEN, WITHDRAWN, INVALIDATED, REFUSED und EXPIRED intern gruppiert werden) , kann dies parametrisiert werden (checkconsentconfig.unknownStateIsConsideredAsDecline=false)."/>
      <exampleBoolean value="false"/>
    </resource>
    <resource>
      <extension url="http://hl7.org/fhir/tools/StructureDefinition/resource-information">
        <valueString value="Parameters"/>
      </extension>
      <reference>
        <reference value="Parameters/CurrentConsentForPersonAndTemplate-request-example-1"/>
      </reference>
      <name value="CurrentConsentForPersonAndTemplate-request-example-1"/>
      <exampleBoolean value="true"/>
    </resource>
    <resource>
      <extension url="http://hl7.org/fhir/tools/StructureDefinition/resource-information">
        <valueString value="Parameters"/>
      </extension>
      <reference>
        <reference value="Parameters/CurrentPolicyStatesForPerson-request-example-1"/>
      </reference>
      <name value="CurrentPolicyStatesForPerson-request-example-1"/>
      <exampleBoolean value="true"/>
    </resource>
    <resource>
      <extension url="http://hl7.org/fhir/tools/StructureDefinition/resource-information">
        <valueString value="Bundle"/>
      </extension>
      <reference>
        <reference value="Bundle/CurrentPolicyStatesForPerson-response-example-1"/>
      </reference>
      <name value="CurrentPolicyStatesForPerson-response-example-1"/>
      <exampleBoolean value="true"/>
    </resource>
    <resource>
      <extension url="http://hl7.org/fhir/tools/StructureDefinition/resource-information">
        <valueString value="CodeSystem"/>
      </extension>
      <reference>
        <reference value="CodeSystem/DesignationUseCS"/>
      </reference>
      <name value="DesignationUse"/>
      <description value="Use codes (contexts) for terminology designations"/>
      <exampleBoolean value="false"/>
    </resource>
    <resource>
      <extension url="http://hl7.org/fhir/tools/StructureDefinition/resource-information">
        <valueString value="SearchParameter"/>
      </extension>
      <reference>
        <reference value="SearchParameter/domain"/>
      </reference>
      <name value="domain"/>
      <description value="Eindeutiger Name (Identifikator) der referenzierten Consent Domain"/>
      <exampleBoolean value="false"/>
    </resource>
    <resource>
      <extension url="http://hl7.org/fhir/tools/StructureDefinition/resource-information">
        <valueString value="StructureDefinition:resource"/>
      </extension>
      <reference>
        <reference value="StructureDefinition/Consent"/>
      </reference>
      <name value="Einwilligungsinformationen"/>
      <description value="Angepasstes FHIR Consent Profil auf Basis des offiziellen [Consent-Profils](https://ig.fhir.de/einwilligungsmanagement/stable/Consent.html) der Hl7 AG Einwilligungsmanagement erweitertet um ausgewählte gICS Eigenschaften."/>
      <exampleBoolean value="false"/>
    </resource>
    <resource>
      <extension url="http://hl7.org/fhir/tools/StructureDefinition/resource-information">
        <valueString value="Bundle"/>
      </extension>
      <reference>
        <reference value="Bundle/example-Batch-provideCD"/>
      </reference>
      <name value="example-Batch-provideCD"/>
      <exampleBoolean value="true"/>
    </resource>
    <resource>
      <extension url="http://hl7.org/fhir/tools/StructureDefinition/resource-information">
        <valueString value="Bundle"/>
      </extension>
      <reference>
        <reference value="Bundle/example-Batch-verify-consent-state"/>
      </reference>
      <name value="example-Batch-verify-consent-state"/>
      <exampleBoolean value="true"/>
    </resource>
    <resource>
      <extension url="http://hl7.org/fhir/tools/StructureDefinition/resource-information">
        <valueString value="Bundle"/>
      </extension>
      <reference>
        <reference value="Bundle/example-BatchResponse-provideCD"/>
      </reference>
      <name value="example-BatchResponse-provideCD"/>
      <exampleBoolean value="true"/>
    </resource>
    <resource>
      <extension url="http://hl7.org/fhir/tools/StructureDefinition/resource-information">
        <valueString value="Bundle"/>
      </extension>
      <reference>
        <reference value="Bundle/example-BatchResponse-verify-consent-state"/>
      </reference>
      <name value="example-BatchResponse-verify-consent-state"/>
      <exampleBoolean value="true"/>
    </resource>
    <resource>
      <extension url="http://hl7.org/fhir/tools/StructureDefinition/resource-information">
        <valueString value="StructureDefinition:resource"/>
      </extension>
      <reference>
        <reference value="StructureDefinition/ExchangeFormatDefinition"/>
      </reference>
      <name value="ExchangeFormatDefinition"/>
      <description value="Die in diesem Bundle enthaltenen FHIR-Ressourcen definieren in ihrer Gesamtheit ein oder mehrere Einwiliigungs-Vorlagen (Templates, FHIR-Questionnaires) zu einem bestimmten Kontext."/>
      <exampleBoolean value="false"/>
    </resource>
    <resource>
      <extension url="http://hl7.org/fhir/tools/StructureDefinition/resource-information">
        <valueString value="StructureDefinition:extension"/>
      </extension>
      <reference>
        <reference value="StructureDefinition/ExpirationProperty"/>
      </reference>
      <name value="Expiration Property"/>
      <description value="Key Value Expiration Property Element zur Definition von Gültigkeitszeiträumen"/>
      <exampleBoolean value="false"/>
    </resource>
    <resource>
      <extension url="http://hl7.org/fhir/tools/StructureDefinition/resource-information">
        <valueString value="StructureDefinition:extension"/>
      </extension>
      <reference>
        <reference value="StructureDefinition/ExternalProperty"/>
      </reference>
      <name value="External Property Element"/>
      <description value="Key Value Property Element für External Properties zur Individualisierung von Domains, Policies, Modules und Templates"/>
      <exampleBoolean value="false"/>
    </resource>
    <resource>
      <extension url="http://hl7.org/fhir/tools/StructureDefinition/resource-information">
        <valueString value="StructureDefinition:extension"/>
      </extension>
      <reference>
        <reference value="StructureDefinition/FreeTextDefAttributes"/>
      </reference>
      <name value="FreeTextDef Attributes"/>
      <description value="gics-spezifische Attribute von frei definierten Eingaben"/>
      <exampleBoolean value="false"/>
    </resource>
    <resource>
      <extension url="http://hl7.org/fhir/tools/StructureDefinition/resource-information">
        <valueString value="OperationDefinition"/>
      </extension>
      <reference>
        <reference value="OperationDefinition/GetAllConsentedIdsFor"/>
      </reference>
      <name value="Get all consented Identifiers for person and template"/>
      <description value="Abruf aller Identifier eines bestimmten benannten Identifier-Typs (z.b. studyPsn) für eine bestimmte Policy (Coding) und Domäne. Zurück geliefert wird eine Liste von eingewilligten Identifiern in Bezug auf die spezifizierte Policy."/>
      <exampleBoolean value="false"/>
    </resource>
    <resource>
      <extension url="http://hl7.org/fhir/tools/StructureDefinition/resource-information">
        <valueString value="Parameters"/>
      </extension>
      <reference>
        <reference value="Parameters/GetAllConsentedIdsFor-request-example-1"/>
      </reference>
      <name value="GetAllConsentedIdsFor-request-example-1"/>
      <exampleBoolean value="true"/>
    </resource>
    <resource>
      <extension url="http://hl7.org/fhir/tools/StructureDefinition/resource-information">
        <valueString value="Parameters"/>
      </extension>
      <reference>
        <reference value="Parameters/GetAllConsentedIdsFor-response-example-1"/>
      </reference>
      <name value="GetAllConsentedIdsFor-response-example-1"/>
      <exampleBoolean value="true"/>
    </resource>
    <resource>
      <extension url="http://hl7.org/fhir/tools/StructureDefinition/resource-information">
        <valueString value="StructureDefinition:resource"/>
      </extension>
      <reference>
        <reference value="StructureDefinition/Provenance"/>
      </reference>
      <name value="Herkunftsinformationen und Signatur"/>
      <description value="Erweitertes Profil der Provenance (Arbeitsgruppe Einwilligungsmanagement) zur Abbildung aller relevanten Informationen für gICS über entsprechende Extensions."/>
      <exampleBoolean value="false"/>
    </resource>
    <resource>
      <extension url="http://hl7.org/fhir/tools/StructureDefinition/resource-information">
        <valueString value="ValueSet"/>
      </extension>
      <reference>
        <reference value="ValueSet/IdatElementsVS"/>
      </reference>
      <name value="IdatElements"/>
      <exampleBoolean value="false"/>
    </resource>
    <resource>
      <extension url="http://hl7.org/fhir/tools/StructureDefinition/resource-information">
        <valueString value="CodeSystem"/>
      </extension>
      <reference>
        <reference value="CodeSystem/IdatElementsCS"/>
      </reference>
      <name value="IdatElements"/>
      <description value="Element names for use in $requestTasks operation."/>
      <exampleBoolean value="false"/>
    </resource>
    <resource>
      <extension url="http://hl7.org/fhir/tools/StructureDefinition/resource-information">
        <valueString value="StructureDefinition:complex-type"/>
      </extension>
      <reference>
        <reference value="StructureDefinition/identifier-bloomfilter"/>
      </reference>
      <name value="Identifier-Profil für die Abbildung einer Bloomfilters"/>
      <description value="Identifier-Profil für die Abbildung einer Bloomfilters"/>
      <exampleBoolean value="false"/>
    </resource>
    <resource>
      <extension url="http://hl7.org/fhir/tools/StructureDefinition/resource-information">
        <valueString value="ValueSet"/>
      </extension>
      <reference>
        <reference value="ValueSet/IdMatchingTypeVS"/>
      </reference>
      <name value="IdMatchingType"/>
      <exampleBoolean value="false"/>
    </resource>
    <resource>
      <extension url="http://hl7.org/fhir/tools/StructureDefinition/resource-information">
        <valueString value="CodeSystem"/>
      </extension>
      <reference>
        <reference value="CodeSystem/IdMatchingTypeCS"/>
      </reference>
      <name value="IdMatchingType"/>
      <description value="ID matching types used in consent management"/>
      <exampleBoolean value="false"/>
    </resource>
    <resource>
      <extension url="http://hl7.org/fhir/tools/StructureDefinition/resource-information">
        <valueString value="Parameters"/>
      </extension>
      <reference>
        <reference value="Parameters/IsConsented-request-example-1"/>
      </reference>
      <name value="IsConsented-request-example-1"/>
      <exampleBoolean value="true"/>
    </resource>
    <resource>
      <extension url="http://hl7.org/fhir/tools/StructureDefinition/resource-information">
        <valueString value="Parameters"/>
      </extension>
      <reference>
        <reference value="Parameters/IsConsented-request-example-2"/>
      </reference>
      <name value="IsConsented-request-example-2"/>
      <exampleBoolean value="true"/>
    </resource>
    <resource>
      <extension url="http://hl7.org/fhir/tools/StructureDefinition/resource-information">
        <valueString value="Parameters"/>
      </extension>
      <reference>
        <reference value="Parameters/IsConsented-response-example-1"/>
      </reference>
      <name value="IsConsented-response-example-1"/>
      <exampleBoolean value="true"/>
    </resource>
    <resource>
      <extension url="http://hl7.org/fhir/tools/StructureDefinition/resource-information">
        <valueString value="ValueSet"/>
      </extension>
      <reference>
        <reference value="ValueSet/MatchStatusVS"/>
      </reference>
      <name value="MatchStatus"/>
      <exampleBoolean value="false"/>
    </resource>
    <resource>
      <extension url="http://hl7.org/fhir/tools/StructureDefinition/resource-information">
        <valueString value="CodeSystem"/>
      </extension>
      <reference>
        <reference value="CodeSystem/MatchStatusCS"/>
      </reference>
      <name value="MatchStatus"/>
      <description value="Possible match statuses in the context of adding patient identities."/>
      <exampleBoolean value="false"/>
    </resource>
    <resource>
      <extension url="http://hl7.org/fhir/tools/StructureDefinition/resource-information">
        <valueString value="ActivityDefinition"/>
      </extension>
      <reference>
        <reference value="ActivityDefinition/ConsentPolicy-example-1"/>
      </reference>
      <name value="Medizinische Daten erheben"/>
      <description value="Beispiel Consent Policy für die Erhebung medizinischer Daten im Rahmen eines Forschungsprojektes"/>
      <exampleCanonical value="https://ths-greifswald.de/fhir/StructureDefinition/gics/ActivityDefinition/ConsentPolicy"/>
    </resource>
    <resource>
      <extension url="http://hl7.org/fhir/tools/StructureDefinition/resource-information">
        <valueString value="ActivityDefinition"/>
      </extension>
      <reference>
        <reference value="ActivityDefinition/ConsentPolicy-example-2"/>
      </reference>
      <name value="Medizinische Daten nutzen"/>
      <description value="Beispiel Consent Policy für die Nutzung medizinischer Daten im Rahmen eines Forschungsprojektes"/>
      <exampleCanonical value="https://ths-greifswald.de/fhir/StructureDefinition/gics/ActivityDefinition/ConsentPolicy"/>
    </resource>
    <resource>
      <extension url="http://hl7.org/fhir/tools/StructureDefinition/resource-information">
        <valueString value="ActivityDefinition"/>
      </extension>
      <reference>
        <reference value="ActivityDefinition/ConsentPolicy-example-3"/>
      </reference>
      <name value="Medizinische Daten speichern"/>
      <description value="Beispiel Consent Policy für die Speicherung medizinischer Daten im Rahmen eines Forschungsprojektes"/>
      <exampleCanonical value="https://ths-greifswald.de/fhir/StructureDefinition/gics/ActivityDefinition/ConsentPolicy"/>
    </resource>
    <resource>
      <extension url="http://hl7.org/fhir/tools/StructureDefinition/resource-information">
        <valueString value="ResearchStudy"/>
      </extension>
      <reference>
        <reference value="ResearchStudy/ConsentDomain-example-2"/>
      </reference>
      <name value="MII"/>
      <description value="Medizininformatik Initiative"/>
      <exampleCanonical value="https://ths-greifswald.de/fhir/gics/StructureDefinition/ConsentDomain"/>
    </resource>
    <resource>
      <extension url="http://hl7.org/fhir/tools/StructureDefinition/resource-information">
        <valueString value="ResearchStudy"/>
      </extension>
      <reference>
        <reference value="ResearchStudy/ConsentDomain-example-1"/>
      </reference>
      <name value="MIRACUM"/>
      <description value="Test-Domäne zur Veranschaulichung von FHIR-Aufrufen"/>
      <exampleCanonical value="https://ths-greifswald.de/fhir/gics/StructureDefinition/ConsentDomain"/>
    </resource>
    <resource>
      <extension url="http://hl7.org/fhir/tools/StructureDefinition/resource-information">
        <valueString value="ResearchStudy"/>
      </extension>
      <reference>
        <reference value="ResearchStudy/ConsentDomain-example-3"/>
      </reference>
      <name value="MIRACUM"/>
      <description value="Test-Domäne zur Veranschaulichung von FHIR-Aufrufen"/>
      <exampleCanonical value="https://ths-greifswald.de/fhir/gics/StructureDefinition/ConsentDomain"/>
    </resource>
    <resource>
      <extension url="http://hl7.org/fhir/tools/StructureDefinition/resource-information">
        <valueString value="StructureDefinition:extension"/>
      </extension>
      <reference>
        <reference value="StructureDefinition/ModuleVersionFormat"/>
      </reference>
      <name value="Module Version Format"/>
      <description value="Versionierungsformat der Module einer Consent Domain, basierend auf Vorarbeiten der AG Einwilligungsmanagement des InteropForums"/>
      <exampleBoolean value="false"/>
    </resource>
    <resource>
      <extension url="http://hl7.org/fhir/tools/StructureDefinition/resource-information">
        <valueString value="Parameters"/>
      </extension>
      <reference>
        <reference value="Parameters/Parameters-AddConsent-request-example-1"/>
      </reference>
      <name value="Parameters-AddConsent-request-example-1"/>
      <exampleBoolean value="true"/>
    </resource>
    <resource>
      <extension url="http://hl7.org/fhir/tools/StructureDefinition/resource-information">
        <valueString value="Parameters"/>
      </extension>
      <reference>
        <reference value="Parameters/Parameters-AddConsentOptOut-request-example-1"/>
      </reference>
      <name value="Parameters-AddConsentOptOut-request-example-1"/>
      <exampleBoolean value="true"/>
    </resource>
    <resource>
      <extension url="http://hl7.org/fhir/tools/StructureDefinition/resource-information">
        <valueString value="StructureDefinition:resource"/>
      </extension>
      <reference>
        <reference value="StructureDefinition/PatientPseudonymized"/>
      </reference>
      <name value="Patient pseudonymisiert"/>
      <description value="Patienten-Profil im Kontext der Pseudonymisierung."/>
      <exampleBoolean value="false"/>
    </resource>
    <resource>
      <extension url="http://hl7.org/fhir/tools/StructureDefinition/resource-information">
        <valueString value="OperationDefinition"/>
      </extension>
      <reference>
        <reference value="OperationDefinition/IsConsented"/>
      </reference>
      <name value="Patient's consent status for a defined policy"/>
      <description value="Liefert den Einwilligungsstatus eines Patienten für eine spezifische Policy per POST-Request. Die Rückgabe erfolgt als Parameters-Ressource."/>
      <exampleBoolean value="false"/>
    </resource>
    <resource>
      <extension url="http://hl7.org/fhir/tools/StructureDefinition/resource-information">
        <valueString value="Patient"/>
      </extension>
      <reference>
        <reference value="Patient/PatientPseudonymized-example-1"/>
      </reference>
      <name value="PatientPseudonymized-example-1"/>
      <exampleCanonical value="https://ths-greifswald.de/fhir/StructureDefinition/fttp/PatientPseudonymized"/>
    </resource>
    <resource>
      <extension url="http://hl7.org/fhir/tools/StructureDefinition/resource-information">
        <valueString value="ValueSet"/>
      </extension>
      <reference>
        <reference value="ValueSet/PolicyVS"/>
      </reference>
      <name value="Policy"/>
      <exampleBoolean value="false"/>
    </resource>
    <resource>
      <extension url="http://hl7.org/fhir/tools/StructureDefinition/resource-information">
        <valueString value="CodeSystem"/>
      </extension>
      <reference>
        <reference value="CodeSystem/PolicyCS"/>
      </reference>
      <name value="Policy"/>
      <description value="Policies used in consent management"/>
      <exampleBoolean value="false"/>
    </resource>
    <resource>
      <extension url="http://hl7.org/fhir/tools/StructureDefinition/resource-information">
        <valueString value="StructureDefinition:extension"/>
      </extension>
      <reference>
        <reference value="StructureDefinition/PolicyVersionFormat"/>
      </reference>
      <name value="Policy Version Format"/>
      <description value="Versionierungsformat der Policies einer Consent Domain, basierend auf Vorarbeiten der AG Einwilligungsmanagement des InteropForums"/>
      <exampleBoolean value="false"/>
    </resource>
    <resource>
      <extension url="http://hl7.org/fhir/tools/StructureDefinition/resource-information">
        <valueString value="ValueSet"/>
      </extension>
      <reference>
        <reference value="ValueSet/PolicyStatusVS"/>
      </reference>
      <name value="PolicyStatus"/>
      <exampleBoolean value="false"/>
    </resource>
    <resource>
      <extension url="http://hl7.org/fhir/tools/StructureDefinition/resource-information">
        <valueString value="StructureDefinition:extension"/>
      </extension>
      <reference>
        <reference value="StructureDefinition/Position"/>
      </reference>
      <name value="Position"/>
      <description value="Position (Ordinate) eines Items im Questionnaire. Im Kontext von FHIR ist diese Angabe redundant, wird aber dennoch mitgeführt"/>
      <exampleBoolean value="false"/>
    </resource>
    <resource>
      <extension url="http://hl7.org/fhir/tools/StructureDefinition/resource-information">
        <valueString value="StructureDefinition:extension"/>
      </extension>
      <reference>
        <reference value="StructureDefinition/Property"/>
      </reference>
      <name value="Property Element"/>
      <description value="Key Value Property Element für Properties zur Individualisierung von Domains, Policies, Modules und Templates"/>
      <exampleBoolean value="false"/>
    </resource>
    <resource>
      <extension url="http://hl7.org/fhir/tools/StructureDefinition/resource-information">
        <valueString value="Provenance"/>
      </extension>
      <reference>
        <reference value="Provenance/Provenance-example-1"/>
      </reference>
      <name value="Provenance-example-1"/>
      <exampleCanonical value="https://ths-greifswald.de/fhir/StructureDefinition/gics/Provenance"/>
    </resource>
    <resource>
      <extension url="http://hl7.org/fhir/tools/StructureDefinition/resource-information">
        <valueString value="StructureDefinition:extension"/>
      </extension>
      <reference>
        <reference value="StructureDefinition/QuestionnaireLabel"/>
      </reference>
      <name value="Questionnaire Label"/>
      <description value="Label in einem Questionnaire"/>
      <exampleBoolean value="false"/>
    </resource>
    <resource>
      <extension url="http://hl7.org/fhir/tools/StructureDefinition/resource-information">
        <valueString value="ValueSet"/>
      </extension>
      <reference>
        <reference value="ValueSet/SaveActionVS"/>
      </reference>
      <name value="SaveAction"/>
      <exampleBoolean value="false"/>
    </resource>
    <resource>
      <extension url="http://hl7.org/fhir/tools/StructureDefinition/resource-information">
        <valueString value="CodeSystem"/>
      </extension>
      <reference>
        <reference value="CodeSystem/SaveActionCS"/>
      </reference>
      <name value="SaveAction"/>
      <description value="Possible save actions in the context of adding patient identities."/>
      <exampleBoolean value="false"/>
    </resource>
    <resource>
      <extension url="http://hl7.org/fhir/tools/StructureDefinition/resource-information">
        <valueString value="StructureDefinition:extension"/>
      </extension>
      <reference>
        <reference value="StructureDefinition/ShortText"/>
      </reference>
      <name value="Short Text"/>
      <description value="Kurztext zum Item"/>
      <exampleBoolean value="false"/>
    </resource>
    <resource>
      <extension url="http://hl7.org/fhir/tools/StructureDefinition/resource-information">
        <valueString value="StructureDefinition:extension"/>
      </extension>
      <reference>
        <reference value="StructureDefinition/SupportedVersion"/>
      </reference>
      <name value="SupportedVersion"/>
      <description value="unterstüzte Version"/>
      <exampleBoolean value="false"/>
    </resource>
    <resource>
      <extension url="http://hl7.org/fhir/tools/StructureDefinition/resource-information">
        <valueString value="StructureDefinition:extension"/>
      </extension>
      <reference>
        <reference value="StructureDefinition/TemplateVersionFormat"/>
      </reference>
      <name value="Template Version Format"/>
      <description value="Versionierungsformat der Templates einer Consent Domain, basierend auf Vorarbeiten der AG Einwilligungsmanagement des InteropForums"/>
      <exampleBoolean value="false"/>
    </resource>
    <resource>
      <extension url="http://hl7.org/fhir/tools/StructureDefinition/resource-information">
        <valueString value="SearchParameter"/>
      </extension>
      <reference>
        <reference value="SearchParameter/useContextIdentifier"/>
      </reference>
      <name value="useContextIdentifier"/>
      <description value="Eindeutiger Name (Identifikator) der referenzierten Consent Domain"/>
      <exampleBoolean value="false"/>
    </resource>
    <resource>
      <extension url="http://hl7.org/fhir/tools/StructureDefinition/resource-information">
        <valueString value="StructureDefinition:extension"/>
      </extension>
      <reference>
        <reference value="StructureDefinition/ValidFromProperty"/>
      </reference>
      <name value="ValidFromProperty"/>
      <description value="Specifies the point in time from which the domain is valid."/>
      <exampleBoolean value="false"/>
    </resource>
    <resource>
      <extension url="http://hl7.org/fhir/tools/StructureDefinition/resource-information">
        <valueString value="Questionnaire"/>
      </extension>
      <reference>
        <reference value="Questionnaire/ConsentModule-example-2"/>
      </reference>
      <name value="Verarbeitung und Nutzung von Patientendaten für die medizinische Forschung"/>
      <description value="Beispiel-Fragen-Modul aus der MI-Initiative"/>
      <exampleCanonical value="https://ths-greifswald.de/fhir/gics/StructureDefinition/ConsentModule"/>
    </resource>
    <resource>
      <extension url="http://hl7.org/fhir/tools/StructureDefinition/resource-information">
        <valueString value="StructureDefinition:extension"/>
      </extension>
      <reference>
        <reference value="StructureDefinition/VersionLabel"/>
      </reference>
      <name value="Version Label"/>
      <description value="Label für eine Zusatz-Version in einem Questionnaire"/>
      <exampleBoolean value="false"/>
    </resource>
    <page>
      <extension url="http://hl7.org/fhir/tools/StructureDefinition/ig-page-name">
        <valueUrl value="toc.html"/>
      </extension>
      <nameUrl value="toc.html"/>
      <title value="Table of Contents"/>
      <generation value="html"/>
      <page>
        <extension url="http://hl7.org/fhir/tools/StructureDefinition/ig-page-name">
          <valueUrl value="Beschreibung.html"/>
        </extension>
        <nameUrl value="Beschreibung.html"/>
        <title value="Beschreibung"/>
        <generation value="markdown"/>
      </page>
      <page>
        <extension url="http://hl7.org/fhir/tools/StructureDefinition/ig-page-name">
          <valueUrl value="BeschreibungBallotGics.html"/>
        </extension>
        <nameUrl value="BeschreibungBallotGics.html"/>
        <title value="Beschreibung Ballot Gics"/>
        <generation value="markdown"/>
      </page>
      <page>
        <extension url="http://hl7.org/fhir/tools/StructureDefinition/ig-page-name">
          <valueUrl value="Einwilligungsmanagement.html"/>
        </extension>
        <nameUrl value="Einwilligungsmanagement.html"/>
        <title value="Einwilligungsmanagement"/>
        <generation value="markdown"/>
      </page>
      <page>
        <extension url="http://hl7.org/fhir/tools/StructureDefinition/ig-page-name">
          <valueUrl value="Extensions.html"/>
        </extension>
        <nameUrl value="Extensions.html"/>
        <title value="Extensions"/>
        <generation value="markdown"/>
      </page>
      <page>
        <extension url="http://hl7.org/fhir/tools/StructureDefinition/ig-page-name">
          <valueUrl value="index.html"/>
        </extension>
        <nameUrl value="index.html"/>
        <title value="Home"/>
        <generation value="markdown"/>
      </page>
      <page>
        <extension url="http://hl7.org/fhir/tools/StructureDefinition/ig-page-name">
          <valueUrl value="KontextUndKonzept.html"/>
        </extension>
        <nameUrl value="KontextUndKonzept.html"/>
        <title value="Kontext und Konzept"/>
        <generation value="markdown"/>
      </page>
      <page>
        <extension url="http://hl7.org/fhir/tools/StructureDefinition/ig-page-name">
          <valueUrl value="Questionnaire-Suche.html"/>
        </extension>
        <nameUrl value="Questionnaire-Suche.html"/>
        <title value="Questionnaire Suche"/>
        <generation value="markdown"/>
      </page>
      <page>
        <extension url="http://hl7.org/fhir/tools/StructureDefinition/ig-page-name">
          <valueUrl value="TechnischeGrundlagen.html"/>
        </extension>
        <nameUrl value="TechnischeGrundlagen.html"/>
        <title value="Technische Grundlagen"/>
        <generation value="markdown"/>
      </page>
      <page>
        <extension url="http://hl7.org/fhir/tools/StructureDefinition/ig-page-name">
          <valueUrl value="Vorgehen.html"/>
        </extension>
        <nameUrl value="Vorgehen.html"/>
        <title value="Vorgehen"/>
        <generation value="markdown"/>
      </page>
    </page>
    <parameter>
      <code value="path-resource"/>
      <value value="input/capabilities"/>
    </parameter>
    <parameter>
      <code value="path-resource"/>
      <value value="input/examples"/>
    </parameter>
    <parameter>
      <code value="path-resource"/>
      <value value="input/extensions"/>
    </parameter>
    <parameter>
      <code value="path-resource"/>
      <value value="input/models"/>
    </parameter>
    <parameter>
      <code value="path-resource"/>
      <value value="input/operations"/>
    </parameter>
    <parameter>
      <code value="path-resource"/>
      <value value="input/profiles"/>
    </parameter>
    <parameter>
      <code value="path-resource"/>
      <value value="input/resources"/>
    </parameter>
    <parameter>
      <code value="path-resource"/>
      <value value="input/vocabulary"/>
    </parameter>
    <parameter>
      <code value="path-resource"/>
      <value value="input/maps"/>
    </parameter>
    <parameter>
      <code value="path-resource"/>
      <value value="input/testing"/>
    </parameter>
    <parameter>
      <code value="path-resource"/>
      <value value="input/history"/>
    </parameter>
    <parameter>
      <code value="path-resource"/>
      <value value="fsh-generated/resources"/>
    </parameter>
    <parameter>
      <code value="path-pages"/>
      <value value="template/config"/>
    </parameter>
    <parameter>
      <code value="path-pages"/>
      <value value="input/images"/>
    </parameter>
    <parameter>
      <code value="path-tx-cache"/>
      <value value="input-cache/txcache"/>
    </parameter>
  </definition>
</ImplementationGuide>