{
  "resourceType" : "OperationDefinition",
  "id" : "IsConsented",
  "language" : "de-DE",
  "text" : {
    "status" : "generated",
    "div" : "<div xml:lang=\"de-DE\" xmlns=\"http://www.w3.org/1999/xhtml\" lang=\"de-DE\"><p class=\"res-header-id\"><b>Generated Narrative: OperationDefinition IsConsented</b></p><a name=\"IsConsented\"> </a><a name=\"hcIsConsented\"> </a><div style=\"display: inline-block; background-color: #d9e0e7; padding: 6px; margin: 4px; border: 1px solid #8da1b4; border-radius: 5px; line-height: 60%\"><p style=\"margin-bottom: 0px\">Language: de-DE</p></div><p>URL: [base]/$isConsented</p><h3>Parameters</h3><table class=\"grid\"><tr><td><b>Use</b></td><td><b>Name</b></td><td><b>Scope</b></td><td><b>Cardinality</b></td><td><b>Type</b></td><td><b>Binding</b></td><td><b>Documentation</b></td></tr><tr><td>IN</td><td>personIdentifier</td><td/><td>1..*</td><td><a href=\"http://hl7.org/fhir/R4/datatypes.html#Identifier\">Identifier</a></td><td/><td><div><p>Um den Bezug zwischen Person und Einwilligung herzustellen, ist die Angabe von mindestens einem eindeutigen Personenidentifikator erforderlich. Dies kann je nach Anforderungen die Fallnummer, ein Patienten-Identifikator, die Angabe eines Bevollmächtigten oder ein Studienpseudonym, o.ä. sein und erfolgt unter Verwendung des passenden Patienten-Profils der AG Einwilligungsmanagement: https://simplifier.net/guide/Einwilligungsmanagement/Patient.\nBei Angabe von mehreren Identifikatoren werden diese ODER-verknüpft.</p>\n</div></td></tr><tr><td>IN</td><td>domain</td><td/><td>1..1</td><td><a href=\"http://hl7.org/fhir/R4/datatypes.html#string\">string</a></td><td/><td><div><p>Angabe der Einwilligungsdomaene</p>\n</div></td></tr><tr><td>IN</td><td>policy</td><td/><td>1..1</td><td><a href=\"http://hl7.org/fhir/R4/datatypes.html#Coding\">Coding</a></td><td><a href=\"ValueSet-PolicyVS.html\">Policy</a> (Extensible)</td><td/></tr><tr><td>IN</td><td>version</td><td/><td>1..1</td><td><a href=\"http://hl7.org/fhir/R4/datatypes.html#string\">string</a></td><td/><td/></tr><tr><td>IN</td><td>config</td><td/><td>0..1</td><td><a href=\"http://hl7.org/fhir/R4/parameters.html\">Parameters</a></td><td/><td/></tr><tr><td>OUT</td><td>consented</td><td/><td>1..1</td><td><a href=\"http://hl7.org/fhir/R4/datatypes.html#boolean\">boolean</a></td><td/><td/></tr></table><div><p>Liefert den Einwilligungsstatus eines Patienten für eine spezifische Policy per POST-Request. Die Rückgabe erfolgt als Parameters-Ressource.</p>\n</div></div>"
  },
  "url" : "https://ths-greifswald.de/fhir/OperationDefinition/gics/isConsented",
  "version" : "2025.2.0",
  "name" : "IsConsented",
  "title" : "Patient's consent status for a defined policy",
  "status" : "active",
  "kind" : "operation",
  "date" : "2025-06-12",
  "publisher" : "Unabhängige Treuhandstelle der Universitätsmedizin Greifswald",
  "contact" : [{
    "name" : "Unabhängige Treuhandstelle der Universitätsmedizin Greifswald",
    "telecom" : [{
      "system" : "url",
      "value" : "https://www.ths-greifswald.de/"
    }]
  }],
  "description" : "Liefert den Einwilligungsstatus eines Patienten für eine spezifische Policy per POST-Request. Die Rückgabe erfolgt als Parameters-Ressource.",
  "purpose" : "Teil des FHIR Gateway für gICS. Weitere Infos unter https://ths-greifswald.de/gics",
  "affectsState" : false,
  "code" : "isConsented",
  "comment" : "Liefert den Einwilligungsstatus eines Patienten für eine spezifische Policy per POST-Request. Die Rückgabe erfolgt als Parameters-Ressource.",
  "system" : true,
  "type" : false,
  "instance" : false,
  "parameter" : [{
    "name" : "personIdentifier",
    "use" : "in",
    "min" : 1,
    "max" : "*",
    "documentation" : "Um den Bezug zwischen Person und Einwilligung herzustellen, ist die Angabe von mindestens einem eindeutigen Personenidentifikator erforderlich. Dies kann je nach Anforderungen die Fallnummer, ein Patienten-Identifikator, die Angabe eines Bevollmächtigten oder ein Studienpseudonym, o.ä. sein und erfolgt unter Verwendung des passenden Patienten-Profils der AG Einwilligungsmanagement: https://simplifier.net/guide/Einwilligungsmanagement/Patient.\r\nBei Angabe von mehreren Identifikatoren werden diese ODER-verknüpft.",
    "type" : "Identifier"
  },
  {
    "name" : "domain",
    "use" : "in",
    "min" : 1,
    "max" : "1",
    "documentation" : "Angabe der Einwilligungsdomaene",
    "type" : "string"
  },
  {
    "name" : "policy",
    "use" : "in",
    "min" : 1,
    "max" : "1",
    "type" : "Coding",
    "binding" : {
      "strength" : "extensible",
      "valueSet" : "https://ths-greifswald.de/fhir/ValueSet/gics/Policy"
    }
  },
  {
    "name" : "version",
    "use" : "in",
    "min" : 1,
    "max" : "1",
    "type" : "string"
  },
  {
    "name" : "config",
    "use" : "in",
    "min" : 0,
    "max" : "1",
    "type" : "Parameters"
  },
  {
    "name" : "consented",
    "use" : "out",
    "min" : 1,
    "max" : "1",
    "type" : "boolean"
  }]
}