{
  "resourceType" : "OperationDefinition",
  "id" : "GetAllConsentedIdsFor",
  "language" : "de-DE",
  "text" : {
    "status" : "generated",
    "div" : "<div xml:lang=\"de-DE\" xmlns=\"http://www.w3.org/1999/xhtml\" lang=\"de-DE\"><p class=\"res-header-id\"><b>Generated Narrative: OperationDefinition GetAllConsentedIdsFor</b></p><a name=\"GetAllConsentedIdsFor\"> </a><a name=\"hcGetAllConsentedIdsFor\"> </a><div style=\"display: inline-block; background-color: #d9e0e7; padding: 6px; margin: 4px; border: 1px solid #8da1b4; border-radius: 5px; line-height: 60%\"><p style=\"margin-bottom: 0px\">Language: de-DE</p></div><p>URL: [base]/$getAllConsentedIdsFor</p><h3>Parameters</h3><table class=\"grid\"><tr><td><b>Use</b></td><td><b>Name</b></td><td><b>Scope</b></td><td><b>Cardinality</b></td><td><b>Type</b></td><td><b>Binding</b></td><td><b>Documentation</b></td></tr><tr><td>IN</td><td>domain</td><td/><td>1..1</td><td><a href=\"http://hl7.org/fhir/R4/datatypes.html#string\">string</a></td><td/><td><div><p>Angabe der Einwilligungsdomaene</p>\n</div></td></tr><tr><td>IN</td><td>signerIdTypeName</td><td/><td>1..1</td><td><a href=\"http://hl7.org/fhir/R4/datatypes.html#string\">string</a></td><td/><td><div><p>Angabe des Signer-ID-Typs</p>\n</div></td></tr><tr><td>IN</td><td>policy</td><td/><td>1..1</td><td><a href=\"http://hl7.org/fhir/R4/datatypes.html#Coding\">Coding</a></td><td><a href=\"ValueSet-PolicyVS.html\">Policy</a> (Extensible)</td><td/></tr><tr><td>IN</td><td>version</td><td/><td>1..1</td><td><a href=\"http://hl7.org/fhir/R4/datatypes.html#string\">string</a></td><td/><td><div><p>Version der Policy</p>\n</div></td></tr><tr><td>IN</td><td>config</td><td/><td>0..1</td><td><a href=\"http://hl7.org/fhir/R4/parameters.html\">Parameters</a></td><td/><td/></tr><tr><td>OUT</td><td>personIdentifier</td><td/><td>0..*</td><td><a href=\"http://hl7.org/fhir/R4/datatypes.html#Identifier\">Identifier</a></td><td/><td/></tr></table><div><p>Abruf aller Identifier eines bestimmten benannten Identifier-Typs (z.b. studyPsn) für eine bestimmte Policy (Coding) und Domäne. Zurück geliefert wird eine Liste von eingewilligten Identifiern in Bezug auf die spezifizierte Policy.</p>\n</div></div>"
  },
  "url" : "https://ths-greifswald.de/fhir/OperationDefinition/gics/getAllConsentedIdsFor",
  "version" : "2025.2.0",
  "name" : "GetAllConsentedIdsFor",
  "title" : "Get all consented Identifiers for person and template",
  "status" : "active",
  "kind" : "operation",
  "date" : "2025-06-12",
  "publisher" : "Unabhängige Treuhandstelle der Universitätsmedizin Greifswald",
  "contact" : [{
    "name" : "Unabhängige Treuhandstelle der Universitätsmedizin Greifswald",
    "telecom" : [{
      "system" : "url",
      "value" : "https://www.ths-greifswald.de/"
    }]
  }],
  "description" : "Abruf aller Identifier eines bestimmten benannten Identifier-Typs (z.b. studyPsn) für eine bestimmte Policy (Coding) und Domäne. Zurück geliefert wird eine Liste von eingewilligten Identifiern in Bezug auf die spezifizierte Policy.",
  "purpose" : "Teil des FHIR Gateway für gICS. Weitere Infos unter https://ths-greifswald.de/gics",
  "affectsState" : false,
  "code" : "getAllConsentedIdsFor",
  "comment" : "Abruf aller Identifier eines bestimmten benannten Identifier-Typs (z.b. studyPsn) für eine bestimmte Policy (Coding) und Domäne. Zurück geliefert wird eine Liste von eingewilligten Identifiern in Bezug auf die spezifizierte Policy.",
  "system" : true,
  "type" : false,
  "instance" : false,
  "parameter" : [{
    "name" : "domain",
    "use" : "in",
    "min" : 1,
    "max" : "1",
    "documentation" : "Angabe der Einwilligungsdomaene",
    "type" : "string"
  },
  {
    "name" : "signerIdTypeName",
    "use" : "in",
    "min" : 1,
    "max" : "1",
    "documentation" : "Angabe des Signer-ID-Typs",
    "type" : "string"
  },
  {
    "name" : "policy",
    "use" : "in",
    "min" : 1,
    "max" : "1",
    "type" : "Coding",
    "binding" : {
      "strength" : "extensible",
      "valueSet" : "https://ths-greifswald.de/fhir/ValueSet/gics/Policy"
    }
  },
  {
    "name" : "version",
    "use" : "in",
    "min" : 1,
    "max" : "1",
    "documentation" : "Version der Policy",
    "type" : "string"
  },
  {
    "name" : "config",
    "use" : "in",
    "min" : 0,
    "max" : "1",
    "type" : "Parameters"
  },
  {
    "name" : "personIdentifier",
    "use" : "out",
    "min" : 0,
    "max" : "*",
    "type" : "Identifier"
  }]
}