{
  "resourceType" : "OperationDefinition",
  "id" : "CurrentConsentForPersonAndTemplate",
  "language" : "de-DE",
  "text" : {
    "status" : "generated",
    "div" : "<div xml:lang=\"de-DE\" xmlns=\"http://www.w3.org/1999/xhtml\" lang=\"de-DE\"><p class=\"res-header-id\"><b>Generated Narrative: OperationDefinition CurrentConsentForPersonAndTemplate</b></p><a name=\"CurrentConsentForPersonAndTemplate\"> </a><a name=\"hcCurrentConsentForPersonAndTemplate\"> </a><div style=\"display: inline-block; background-color: #d9e0e7; padding: 6px; margin: 4px; border: 1px solid #8da1b4; border-radius: 5px; line-height: 60%\"><p style=\"margin-bottom: 0px\">Language: de-DE</p></div><p>URL: [base]/$currentConsentForPersonAndTemplate</p><h3>Parameters</h3><table class=\"grid\"><tr><td><b>Use</b></td><td><b>Name</b></td><td><b>Scope</b></td><td><b>Cardinality</b></td><td><b>Type</b></td><td><b>Binding</b></td><td><b>Documentation</b></td></tr><tr><td>IN</td><td>personIdentifier</td><td/><td>1..*</td><td><a href=\"http://hl7.org/fhir/R4/datatypes.html#Identifier\">Identifier</a></td><td/><td><div><p>Um den Bezug zwischen Person und Einwilligung herzustellen, ist die Angabe von mindestens einem eindeutigen Personenidentifikator erforderlich. Dies kann je nach Anforderungen die Fallnummer, ein Patienten-Identifikator, die Angabe eines Bevollmächtigten oder ein Studienpseudonym, o.ä. sein. Bei Angabe von mehreren Identifikatoren werden diese ODER-verknüpft.</p>\n</div></td></tr><tr><td>IN</td><td>domain</td><td/><td>1..1</td><td><a href=\"http://hl7.org/fhir/R4/datatypes.html#string\">string</a></td><td/><td><div><p>Angabe der Einwilligungsdomaene</p>\n</div></td></tr><tr><td>IN</td><td>ignore-version-number</td><td/><td>0..1</td><td><a href=\"http://hl7.org/fhir/R4/datatypes.html#boolean\">boolean</a></td><td/><td><div><p>Wenn TRUE, wird die Datumsbezogen jüngste Einwilligung der Person ermittelt und die Versionsangabe der spezifizierten Einwilligungsvorlage (TemplateFrame) ignoriert. Default=FALSE</p>\n</div></td></tr><tr><td>IN</td><td>template</td><td/><td>1..1</td><td><a href=\"http://hl7.org/fhir/R4/datatypes.html#string\">string</a></td><td/><td><div><p>Angabe der eindeutigen TemplateId in Form des  TemplateFrame.Identifier.Value für das vorbelegte Template.Identifier.System &quot;https://ths-greifswald.de/fhir/gics/&quot;</p>\n</div></td></tr><tr><td>IN</td><td>_profile</td><td/><td>0..1</td><td><a href=\"http://hl7.org/fhir/R4/datatypes.html#canonical\">canonical</a></td><td/><td><div><p>Angabe um Ausgabeprofil festzulegen.\nDefault ist die gics-Variante; alternativ das Profil aus dem IG Einwilligungsmanagement.</p>\n</div></td></tr><tr><td>OUT</td><td>return</td><td/><td>0..1</td><td><a href=\"http://hl7.org/fhir/R4/bundle.html\">Bundle</a></td><td/><td><div><p>Bundle mit den beschriebenen Inhalten</p>\n</div></td></tr></table><div><p>Liefert den aktuellen Consent einer Person bezogen auf eine spezifische Einwilligungsvorlage (unter Angabe des TemplateFrame-Identifiers) per POST-Request. Aktuell bedeutet &lt;b&gt;&quot;höchste Version der Einwilligungsvorlage&quot; UND &quot;jüngstes Datum&quot;&lt;/b&gt;. Die Rückgabe erfolgt als Bundle vom Typ &quot;collection&quot;. Das Bundle enthält exakt einen Bundle-Entry, der alle für den spezifischen Consent relevanten Ressourcen (z.B. TemplateFrame, QuestionnaireComposed, QuestionnaireResponse, Provenance) enthält. Details zu den verwendeten Profilen unterhttps://ig.fhir.de/einwilligungsmanagement/stable/Home.html</p>\n</div></div>"
  },
  "url" : "https://ths-greifswald.de/fhir/OperationDefinition/gics/currentConsentForPersonAndTemplate",
  "version" : "2025.2.0",
  "name" : "CurrentConsentForPersonAndTemplate",
  "title" : "Current consent for person and template",
  "status" : "active",
  "kind" : "operation",
  "date" : "2025-06-12",
  "publisher" : "Unabhängige Treuhandstelle der Universitätsmedizin Greifswald",
  "contact" : [{
    "name" : "Unabhängige Treuhandstelle der Universitätsmedizin Greifswald",
    "telecom" : [{
      "system" : "url",
      "value" : "https://www.ths-greifswald.de/"
    }]
  }],
  "description" : "Liefert den aktuellen Consent einer Person bezogen auf eine spezifische Einwilligungsvorlage (unter Angabe des TemplateFrame-Identifiers) per POST-Request. Aktuell bedeutet <b>\"höchste Version der Einwilligungsvorlage\" UND \"jüngstes Datum\"</b>. Die Rückgabe erfolgt als Bundle vom Typ \"collection\". Das Bundle enthält alle für den spezifischen Consent relevanten Ressourcen (z.B. TemplateFrame, QuestionnaireComposed, QuestionnaireResponse, Provenance). Details zu den verwendeten Profilen unterhttps://ig.fhir.de/einwilligungsmanagement/stable/Home.html",
  "purpose" : "Teil des FHIR Gateway für gICS. Weitere Infos unter https://ths-greifswald.de/gics",
  "affectsState" : false,
  "code" : "currentConsentForPersonAndTemplate",
  "comment" : "Liefert den aktuellen Consent einer Person bezogen auf eine spezifische Einwilligungsvorlage (unter Angabe des TemplateFrame-Identifiers) per POST-Request. Aktuell bedeutet <b>\"höchste Version der Einwilligungsvorlage\" UND \"jüngstes Datum\"</b>. Die Rückgabe erfolgt als Bundle vom Typ \"collection\". Das Bundle enthält exakt einen Bundle-Entry, der alle für den spezifischen Consent relevanten Ressourcen (z.B. TemplateFrame, QuestionnaireComposed, QuestionnaireResponse, Provenance) enthält. Details zu den verwendeten Profilen unterhttps://ig.fhir.de/einwilligungsmanagement/stable/Home.html",
  "system" : true,
  "type" : false,
  "instance" : false,
  "parameter" : [{
    "name" : "personIdentifier",
    "use" : "in",
    "min" : 1,
    "max" : "*",
    "documentation" : "Um den Bezug zwischen Person und Einwilligung herzustellen, ist die Angabe von mindestens einem eindeutigen Personenidentifikator erforderlich. Dies kann je nach Anforderungen die Fallnummer, ein Patienten-Identifikator, die Angabe eines Bevollmächtigten oder ein Studienpseudonym, o.ä. sein. Bei Angabe von mehreren Identifikatoren werden diese ODER-verknüpft.",
    "type" : "Identifier"
  },
  {
    "name" : "domain",
    "use" : "in",
    "min" : 1,
    "max" : "1",
    "documentation" : "Angabe der Einwilligungsdomaene",
    "type" : "string"
  },
  {
    "name" : "ignore-version-number",
    "use" : "in",
    "min" : 0,
    "max" : "1",
    "documentation" : "Wenn TRUE, wird die Datumsbezogen jüngste Einwilligung der Person ermittelt und die Versionsangabe der spezifizierten Einwilligungsvorlage (TemplateFrame) ignoriert. Default=FALSE",
    "type" : "boolean"
  },
  {
    "name" : "template",
    "use" : "in",
    "min" : 1,
    "max" : "1",
    "documentation" : "Angabe der eindeutigen TemplateId in Form des  TemplateFrame.Identifier.Value für das vorbelegte Template.Identifier.System \"https://ths-greifswald.de/fhir/gics/\"",
    "type" : "string"
  },
  {
    "name" : "_profile",
    "use" : "in",
    "min" : 0,
    "max" : "1",
    "documentation" : "Angabe um Ausgabeprofil festzulegen.\r\nDefault ist die gics-Variante; alternativ das Profil aus dem IG Einwilligungsmanagement.",
    "type" : "canonical"
  },
  {
    "name" : "return",
    "use" : "out",
    "min" : 0,
    "max" : "1",
    "documentation" : "Bundle mit den beschriebenen Inhalten",
    "type" : "Bundle"
  }]
}