{
  "resourceType" : "OperationDefinition",
  "id" : "AllPolicyStatesForPerson",
  "language" : "de-DE",
  "text" : {
    "status" : "generated",
    "div" : "<div xml:lang=\"de-DE\" xmlns=\"http://www.w3.org/1999/xhtml\" lang=\"de-DE\"><p class=\"res-header-id\"><b>Generated Narrative: OperationDefinition AllPolicyStatesForPerson</b></p><a name=\"AllPolicyStatesForPerson\"> </a><a name=\"hcAllPolicyStatesForPerson\"> </a><div style=\"display: inline-block; background-color: #d9e0e7; padding: 6px; margin: 4px; border: 1px solid #8da1b4; border-radius: 5px; line-height: 60%\"><p style=\"margin-bottom: 0px\">Language: de-DE</p></div><p>URL: [base]/$allPolicyStatesForPerson</p><h3>Parameters</h3><table class=\"grid\"><tr><td><b>Use</b></td><td><b>Name</b></td><td><b>Scope</b></td><td><b>Cardinality</b></td><td><b>Type</b></td><td><b>Binding</b></td><td><b>Documentation</b></td></tr><tr><td>IN</td><td>personIdentifier</td><td/><td>1..*</td><td><a href=\"http://hl7.org/fhir/R4/datatypes.html#Identifier\">Identifier</a></td><td/><td><div><p>Um den Bezug zwischen Person und Einwilligung herzustellen, ist die Angabe von mindestens einem eindeutigen Personenidentifikator erforderlich. Dies kann je nach Anforderungen die Fallnummer, ein Patienten-Identifikator, die Angabe eines Bevollmächtigten oder ein Studienpseudonym, o.ä. sein. Bei Angabe von mehreren Identifikatoren werden diese ODER-verknüpft.</p>\n</div></td></tr><tr><td>IN</td><td>domain</td><td/><td>1..1</td><td><a href=\"http://hl7.org/fhir/R4/datatypes.html#string\">string</a></td><td/><td><div><p>Angabe der Einwilligungsdomaene</p>\n</div></td></tr><tr><td>OUT</td><td>return</td><td/><td>0..1</td><td><a href=\"http://hl7.org/fhir/R4/bundle.html\">Bundle</a></td><td/><td><div><p>Bundle mit den beschriebenen Inhalten</p>\n</div></td></tr></table><div><p>Liefert alle jemals unterzeichneten Policies einer Person einer spezifischen Einwilligungsdomaene. Die Rückgabe erfolgt als Bundle vom Typ &quot;collection&quot;. Das Bundle enthält ausschließlich Consent-Ressourcen zur Abbildung der Policies, d.h. je unterzeichneter Policy ist eine Consent-Ressource mit jeweils einer Policy (provision) enthalten.\nEs werden alle jemals von Patienten unterzeichneten Policies zurückgegeben (ConsentProvisionType: permit/deny). Policies mit gICS-internem Status UNKNOWN, NOT_ASKED, NOT_CHOSEN, WITHDRAWN, INVALIDATED, REFUSED oder EXPIRED werden mit ConsentProvisionType &quot;deny&quot; zurückgegeben.</p>\n<p>Sollen nur die jeweils neueste Policies angezeigt werden, ist clientseit eine Filterung anhand Datum, Policyversion etc. erforderlich oder alternativ die Operation currentPolicyStatesForPerson zu nutzen.</p>\n</div></div>"
  },
  "url" : "https://ths-greifswald.de/fhir/OperationDefinition/gics/allPolicyStatesForPerson",
  "version" : "2025.2.0",
  "name" : "AllPolicyStatesForPerson",
  "title" : "All policy states for person",
  "status" : "active",
  "kind" : "operation",
  "date" : "2025-06-12",
  "publisher" : "Unabhängige Treuhandstelle der Universitätsmedizin Greifswald",
  "contact" : [{
    "name" : "Unabhängige Treuhandstelle der Universitätsmedizin Greifswald",
    "telecom" : [{
      "system" : "url",
      "value" : "https://www.ths-greifswald.de/"
    }]
  }],
  "description" : "Liefert alle jemals unterzeichneten Policies einer Person einer spezifischen Einwilligungsdomaene. Die Rückgabe erfolgt als Bundle vom Typ \"collection\". Das Bundle enthält ausschließlich Consent-Ressourcen zur Abbildung der Policies, d.h. je unterzeichneter Policy ist eine Consent-Ressource mit jeweils einer Policy (provision) enthalten.\r\nEs werden alle jemals von Patienten unterzeichneten Policies zurückgegeben (ConsentProvisionType: permit/deny). Policies mit gICS-internem Status UNKNOWN, NOT_ASKED, NOT_CHOSEN, WITHDRAWN, INVALIDATED, REFUSED oder EXPIRED werden mit ConsentProvisionType \"deny\" zurückgegeben.\r\n\r\nSollen nur die jeweils neueste Policies angezeigt werden, ist clientseit eine Filterung anhand Datum, Policyversion etc. erforderlich oder alternativ die Operation currentPolicyStatesForPerson zu nutzen.",
  "purpose" : "Teil des FHIR Gateway für gICS. Weitere Infos unter https://ths-greifswald.de/gics",
  "affectsState" : false,
  "code" : "allPolicyStatesForPerson",
  "comment" : "Liefert alle jemals unterzeichneten Policies einer Person einer spezifischen Einwilligungsdomaene. Die Rückgabe erfolgt als Bundle vom Typ \"collection\". Das Bundle enthält ausschließlich Consent-Ressourcen zur Abbildung der Policies, d.h. je unterzeichneter Policy ist eine Consent-Ressource mit jeweils einer Policy (provision) enthalten.\r\nEs werden alle jemals von Patienten unterzeichneten Policies zurückgegeben (ConsentProvisionType: permit/deny). Policies mit gICS-internem Status UNKNOWN, NOT_ASKED, NOT_CHOSEN, WITHDRAWN, INVALIDATED, REFUSED oder EXPIRED werden mit ConsentProvisionType \"deny\" zurückgegeben.\r\n\r\nSollen nur die jeweils neueste Policies angezeigt werden, ist clientseit eine Filterung anhand Datum, Policyversion etc. erforderlich oder alternativ die Operation currentPolicyStatesForPerson zu nutzen.",
  "system" : true,
  "type" : false,
  "instance" : false,
  "parameter" : [{
    "name" : "personIdentifier",
    "use" : "in",
    "min" : 1,
    "max" : "*",
    "documentation" : "Um den Bezug zwischen Person und Einwilligung herzustellen, ist die Angabe von mindestens einem eindeutigen Personenidentifikator erforderlich. Dies kann je nach Anforderungen die Fallnummer, ein Patienten-Identifikator, die Angabe eines Bevollmächtigten oder ein Studienpseudonym, o.ä. sein. Bei Angabe von mehreren Identifikatoren werden diese ODER-verknüpft.",
    "type" : "Identifier"
  },
  {
    "name" : "domain",
    "use" : "in",
    "min" : 1,
    "max" : "1",
    "documentation" : "Angabe der Einwilligungsdomaene",
    "type" : "string"
  },
  {
    "name" : "return",
    "use" : "out",
    "min" : 0,
    "max" : "1",
    "documentation" : "Bundle mit den beschriebenen Inhalten",
    "type" : "Bundle"
  }]
}