<?xml version="1.0" encoding="UTF-8"?>

<OperationDefinition xmlns="http://hl7.org/fhir">
  <id value="AllPolicyStatesForPerson"/>
  <language value="de-DE"/>
  <text>
    <status value="generated"/><div xml:lang="de-DE" xmlns="http://www.w3.org/1999/xhtml" lang="de-DE"><p class="res-header-id"><b>Generated Narrative: OperationDefinition AllPolicyStatesForPerson</b></p><a name="AllPolicyStatesForPerson"> </a><a name="hcAllPolicyStatesForPerson"> </a><div style="display: inline-block; background-color: #d9e0e7; padding: 6px; margin: 4px; border: 1px solid #8da1b4; border-radius: 5px; line-height: 60%"><p style="margin-bottom: 0px">Language: de-DE</p></div><p>URL: [base]/$allPolicyStatesForPerson</p><h3>Parameters</h3><table class="grid"><tr><td><b>Use</b></td><td><b>Name</b></td><td><b>Scope</b></td><td><b>Cardinality</b></td><td><b>Type</b></td><td><b>Binding</b></td><td><b>Documentation</b></td></tr><tr><td>IN</td><td>personIdentifier</td><td/><td>1..*</td><td><a href="http://hl7.org/fhir/R4/datatypes.html#Identifier">Identifier</a></td><td/><td><div><p>Um den Bezug zwischen Person und Einwilligung herzustellen, ist die Angabe von mindestens einem eindeutigen Personenidentifikator erforderlich. Dies kann je nach Anforderungen die Fallnummer, ein Patienten-Identifikator, die Angabe eines Bevollmächtigten oder ein Studienpseudonym, o.ä. sein. Bei Angabe von mehreren Identifikatoren werden diese ODER-verknüpft.</p>
</div></td></tr><tr><td>IN</td><td>domain</td><td/><td>1..1</td><td><a href="http://hl7.org/fhir/R4/datatypes.html#string">string</a></td><td/><td><div><p>Angabe der Einwilligungsdomaene</p>
</div></td></tr><tr><td>OUT</td><td>return</td><td/><td>0..1</td><td><a href="http://hl7.org/fhir/R4/bundle.html">Bundle</a></td><td/><td><div><p>Bundle mit den beschriebenen Inhalten</p>
</div></td></tr></table><div><p>Liefert alle jemals unterzeichneten Policies einer Person einer spezifischen Einwilligungsdomaene. Die Rückgabe erfolgt als Bundle vom Typ &quot;collection&quot;. Das Bundle enthält ausschließlich Consent-Ressourcen zur Abbildung der Policies, d.h. je unterzeichneter Policy ist eine Consent-Ressource mit jeweils einer Policy (provision) enthalten.
Es werden alle jemals von Patienten unterzeichneten Policies zurückgegeben (ConsentProvisionType: permit/deny). Policies mit gICS-internem Status UNKNOWN, NOT_ASKED, NOT_CHOSEN, WITHDRAWN, INVALIDATED, REFUSED oder EXPIRED werden mit ConsentProvisionType &quot;deny&quot; zurückgegeben.</p>
<p>Sollen nur die jeweils neueste Policies angezeigt werden, ist clientseit eine Filterung anhand Datum, Policyversion etc. erforderlich oder alternativ die Operation currentPolicyStatesForPerson zu nutzen.</p>
</div></div>
  </text>
  <url value="https://ths-greifswald.de/fhir/OperationDefinition/gics/allPolicyStatesForPerson"/>
  <version value="2025.2.0"/>
  <name value="AllPolicyStatesForPerson"/>
  <title value="All policy states for person"/>
  <status value="active"/>
  <kind value="operation"/>
  <date value="2025-06-12"/>
  <publisher value="Unabhängige Treuhandstelle der Universitätsmedizin Greifswald"/>
  <contact>
    <name value="Unabhängige Treuhandstelle der Universitätsmedizin Greifswald"/>
    <telecom>
      <system value="url"/>
      <value value="https://www.ths-greifswald.de/"/>
    </telecom>
  </contact>
  <description value="Liefert alle jemals unterzeichneten Policies einer Person einer spezifischen Einwilligungsdomaene. Die Rückgabe erfolgt als Bundle vom Typ &quot;collection&quot;. Das Bundle enthält ausschließlich Consent-Ressourcen zur Abbildung der Policies, d.h. je unterzeichneter Policy ist eine Consent-Ressource mit jeweils einer Policy (provision) enthalten.&#xD;&#xA;Es werden alle jemals von Patienten unterzeichneten Policies zurückgegeben (ConsentProvisionType: permit/deny). Policies mit gICS-internem Status UNKNOWN, NOT_ASKED, NOT_CHOSEN, WITHDRAWN, INVALIDATED, REFUSED oder EXPIRED werden mit ConsentProvisionType &quot;deny&quot; zurückgegeben.&#xD;&#xA;&#xD;&#xA;Sollen nur die jeweils neueste Policies angezeigt werden, ist clientseit eine Filterung anhand Datum, Policyversion etc. erforderlich oder alternativ die Operation currentPolicyStatesForPerson zu nutzen."/>
  <purpose value="Teil des FHIR Gateway für gICS. Weitere Infos unter https://ths-greifswald.de/gics"/>
  <affectsState value="false"/>
  <code value="allPolicyStatesForPerson"/>
  <comment value="Liefert alle jemals unterzeichneten Policies einer Person einer spezifischen Einwilligungsdomaene. Die Rückgabe erfolgt als Bundle vom Typ &quot;collection&quot;. Das Bundle enthält ausschließlich Consent-Ressourcen zur Abbildung der Policies, d.h. je unterzeichneter Policy ist eine Consent-Ressource mit jeweils einer Policy (provision) enthalten.&#xD;&#xA;Es werden alle jemals von Patienten unterzeichneten Policies zurückgegeben (ConsentProvisionType: permit/deny). Policies mit gICS-internem Status UNKNOWN, NOT_ASKED, NOT_CHOSEN, WITHDRAWN, INVALIDATED, REFUSED oder EXPIRED werden mit ConsentProvisionType &quot;deny&quot; zurückgegeben.&#xD;&#xA;&#xD;&#xA;Sollen nur die jeweils neueste Policies angezeigt werden, ist clientseit eine Filterung anhand Datum, Policyversion etc. erforderlich oder alternativ die Operation currentPolicyStatesForPerson zu nutzen."/>
  <system value="true"/>
  <type value="false"/>
  <instance value="false"/>
  <parameter>
    <name value="personIdentifier"/>
    <use value="in"/>
    <min value="1"/>
    <max value="*"/>
    <documentation value="Um den Bezug zwischen Person und Einwilligung herzustellen, ist die Angabe von mindestens einem eindeutigen Personenidentifikator erforderlich. Dies kann je nach Anforderungen die Fallnummer, ein Patienten-Identifikator, die Angabe eines Bevollmächtigten oder ein Studienpseudonym, o.ä. sein. Bei Angabe von mehreren Identifikatoren werden diese ODER-verknüpft."/>
    <type value="Identifier"/>
  </parameter>
  <parameter>
    <name value="domain"/>
    <use value="in"/>
    <min value="1"/>
    <max value="1"/>
    <documentation value="Angabe der Einwilligungsdomaene"/>
    <type value="string"/>
  </parameter>
  <parameter>
    <name value="return"/>
    <use value="out"/>
    <min value="0"/>
    <max value="1"/>
    <documentation value="Bundle mit den beschriebenen Inhalten"/>
    <type value="Bundle"/>
  </parameter>
</OperationDefinition>