{
  "resourceType" : "OperationDefinition",
  "id" : "CurrentPolicyStatesForPerson",
  "language" : "de-DE",
  "text" : {
    "status" : "generated",
    "div" : "<div xml:lang=\"de-DE\" xmlns=\"http://www.w3.org/1999/xhtml\" lang=\"de-DE\"><p class=\"res-header-id\"><b>Generated Narrative: OperationDefinition CurrentPolicyStatesForPerson</b></p><a name=\"CurrentPolicyStatesForPerson\"> </a><a name=\"hcCurrentPolicyStatesForPerson\"> </a><div style=\"display: inline-block; background-color: #d9e0e7; padding: 6px; margin: 4px; border: 1px solid #8da1b4; border-radius: 5px; line-height: 60%\"><p style=\"margin-bottom: 0px\">Language: de-DE</p></div><p>URL: [base]/$currentPolicyStatesForPerson</p><h3>Parameters</h3><table class=\"grid\"><tr><td><b>Use</b></td><td><b>Name</b></td><td><b>Scope</b></td><td><b>Cardinality</b></td><td><b>Type</b></td><td><b>Binding</b></td><td><b>Documentation</b></td></tr><tr><td>IN</td><td>personIdentifier</td><td/><td>1..*</td><td><a href=\"http://hl7.org/fhir/R4/datatypes.html#Identifier\">Identifier</a></td><td/><td><div><p>Um den Bezug zwischen Person und Einwilligung herzustellen, ist die Angabe von mindestens einem eindeutigen Personenidentifikator erforderlich. Dies kann je nach Anforderungen die Fallnummer, ein Patienten-Identifikator, die Angabe eines Bevollmächtigten oder ein Studienpseudonym, o.ä. sein. Bei Angabe von mehreren Identifikatoren und Verzicht auf Config-Parameter werden diese ODER-verknüpft (dies entspricht der Konfiguration AT-LEAST-ONE).</p>\n</div></td></tr><tr><td>IN</td><td>domain</td><td/><td>1..1</td><td><a href=\"http://hl7.org/fhir/R4/datatypes.html#string\">string</a></td><td/><td><div><p>Angabe der Einwilligungsdomaene</p>\n</div></td></tr><tr><td>IN</td><td>config</td><td/><td>0..1</td><td><a href=\"http://hl7.org/fhir/R4/parameters.html\">Parameters</a></td><td/><td/></tr><tr><td>OUT</td><td>return</td><td/><td>0..1</td><td><a href=\"http://hl7.org/fhir/R4/bundle.html\">Bundle</a></td><td/><td><div><p>Bundle mit den beschriebenen Inhalten</p>\n</div></td></tr></table><div><p>Liefert die aktuellen, gültigen Policies einer Person einer spezifischen Einwilligungsdomaene (Status: permit, deny). Die Rückgabe erfolgt als Bundle vom Typ &quot;collection&quot;. Das Bundle enthält ausschließlich Consent-Ressourcen zur Abbildung der Policies, d.h. je unterzeichneter Policy ist eine Consent-Ressource mit jeweils einer Policy (provision) enthalten.</p>\n<p>Per default werden alle aktuell gültigen vom Patienten unterzeichneten Policies zurückgegeben (Accepted=Permit, Declined=Deny, Unknown=Deny). Sollen eingewilligte Policies mit Status &quot;Unknown&quot; ignoriert werden (mittels UNKNOWN können detailliertere Statusangaben wie UNKNOWN, NOT_ASKED, NOT_CHOSEN, WITHDRAWN, INVALIDATED, REFUSED und EXPIRED intern gruppiert werden) , kann dies parametrisiert werden (checkconsentconfig.unknownStateIsConsideredAsDecline=false).</p>\n</div></div>"
  },
  "url" : "https://ths-greifswald.de/fhir/OperationDefinition/gics/currentPolicyStatesForPerson",
  "version" : "2025.1.0",
  "name" : "CurrentPolicyStatesForPerson",
  "title" : "Current policy states for person",
  "status" : "active",
  "kind" : "operation",
  "date" : "2025-06-12",
  "publisher" : "Unabhängige Treuhandstelle der Universitätsmedizin Greifswald",
  "contact" : [{
    "name" : "Unabhängige Treuhandstelle der Universitätsmedizin Greifswald",
    "telecom" : [{
      "system" : "url",
      "value" : "https://www.ths-greifswald.de/"
    }]
  }],
  "description" : "Liefert die aktuellen, gültigen Policies einer Person einer spezifischen Einwilligungsdomaene (Status: permit, deny). Die Rückgabe erfolgt als Bundle vom Typ \"collection\". Das Bundle enthält ausschließlich Consent-Ressourcen zur Abbildung der Policies, d.h. je unterzeichneter Policy ist eine Consent-Ressource mit jeweils einer Policy (provision) enthalten.\r\n\r\nPer default werden alle aktuell gültigen vom Patienten unterzeichneten Policies zurückgegeben (Accepted=Permit, Declined=Deny, Unknown=Deny). Sollen eingewilligte Policies mit Status \"Unknown\" ignoriert werden (mittels UNKNOWN können detailliertere Statusangaben wie UNKNOWN, NOT_ASKED, NOT_CHOSEN, WITHDRAWN, INVALIDATED, REFUSED und EXPIRED intern gruppiert werden) , kann dies parametrisiert werden (checkconsentconfig.unknownStateIsConsideredAsDecline=false).",
  "purpose" : "Teil des FHIR Gateway für gICS. Weitere Infos unter https://ths-greifswald.de/gics",
  "affectsState" : false,
  "code" : "currentPolicyStatesForPerson",
  "comment" : "Liefert die aktuellen, gültigen Policies einer Person einer spezifischen Einwilligungsdomaene (Status: permit, deny). Die Rückgabe erfolgt als Bundle vom Typ \"collection\". Das Bundle enthält ausschließlich Consent-Ressourcen zur Abbildung der Policies, d.h. je unterzeichneter Policy ist eine Consent-Ressource mit jeweils einer Policy (provision) enthalten.\r\n\r\nPer default werden alle aktuell gültigen vom Patienten unterzeichneten Policies zurückgegeben (Accepted=Permit, Declined=Deny, Unknown=Deny). Sollen eingewilligte Policies mit Status \"Unknown\" ignoriert werden (mittels UNKNOWN können detailliertere Statusangaben wie UNKNOWN, NOT_ASKED, NOT_CHOSEN, WITHDRAWN, INVALIDATED, REFUSED und EXPIRED intern gruppiert werden) , kann dies parametrisiert werden (checkconsentconfig.unknownStateIsConsideredAsDecline=false).",
  "system" : true,
  "type" : false,
  "instance" : false,
  "parameter" : [{
    "name" : "personIdentifier",
    "use" : "in",
    "min" : 1,
    "max" : "*",
    "documentation" : "Um den Bezug zwischen Person und Einwilligung herzustellen, ist die Angabe von mindestens einem eindeutigen Personenidentifikator erforderlich. Dies kann je nach Anforderungen die Fallnummer, ein Patienten-Identifikator, die Angabe eines Bevollmächtigten oder ein Studienpseudonym, o.ä. sein. Bei Angabe von mehreren Identifikatoren und Verzicht auf Config-Parameter werden diese ODER-verknüpft (dies entspricht der Konfiguration AT-LEAST-ONE).",
    "type" : "Identifier"
  },
  {
    "name" : "domain",
    "use" : "in",
    "min" : 1,
    "max" : "1",
    "documentation" : "Angabe der Einwilligungsdomaene",
    "type" : "string"
  },
  {
    "name" : "config",
    "use" : "in",
    "min" : 0,
    "max" : "1",
    "type" : "Parameters"
  },
  {
    "name" : "return",
    "use" : "out",
    "min" : 0,
    "max" : "1",
    "documentation" : "Bundle mit den beschriebenen Inhalten",
    "type" : "Bundle"
  }]
}