{
  "resourceType" : "SearchParameter",
  "id" : "domain",
  "text" : {
    "status" : "generated",
    "div" : "<div xmlns=\"http://www.w3.org/1999/xhtml\"><p class=\"res-header-id\"><b>Generated Narrative: SearchParameter domain</b></p><a name=\"domain\"> </a><a name=\"hcdomain\"> </a><h2>domain</h2><p>Parameter <code>domain</code>:<code>reference</code></p><div><p>Eindeutiger Name (Identifikator) der referenzierten Consent Domain</p>\n</div><table class=\"grid\"><tr><td>Resource</td><td><a href=\"http://hl7.org/fhir/R4/consent.html\">Consent</a></td></tr><tr><td>Expression</td><td><code>extension('http://fhir.de/ConsentManagement/StructureDefinition/DomainReference').extension('domain').valueReference</code></td></tr><tr><td>Multiples</td><td><ul><li>multipleAnd: The parameter may only appear once</li><li>multipleOr: The parameter may only have one value (no comma separators)</li></ul></td></tr></table></div>"
  },
  "url" : "https://ths-greifswald.de/fhir/SearchParameter/gics/domain",
  "version" : "2025.2.0",
  "name" : "domain",
  "status" : "active",
  "date" : "2025-06-12",
  "publisher" : "Unabhängige Treuhandstelle der Universitätsmedizin Greifswald",
  "contact" : [{
    "name" : "Unabhängige Treuhandstelle der Universitätsmedizin Greifswald",
    "telecom" : [{
      "system" : "url",
      "value" : "https://www.ths-greifswald.de/"
    }]
  }],
  "description" : "Eindeutiger Name (Identifikator) der referenzierten Consent Domain",
  "code" : "domain",
  "base" : ["Consent"],
  "type" : "reference",
  "expression" : "extension('http://fhir.de/ConsentManagement/StructureDefinition/DomainReference').extension('domain').valueReference",
  "multipleOr" : false,
  "multipleAnd" : false
}