{
  "resourceType" : "ActivityDefinition",
  "id" : "ConsentPolicy-example-1",
  "meta" : {
    "lastUpdated" : "2020-11-04T19:13:38.269+00:00",
    "profile" : ["https://ths-greifswald.de/fhir/StructureDefinition/gics/ActivityDefinition/ConsentPolicy"]
  },
  "text" : {
    "status" : "extensions",
    "div" : "<div xmlns=\"http://www.w3.org/1999/xhtml\">\n<div>\n    <table class=\"grid dict\">\n\n        \n        <tr>\n            <th scope=\"row\"><b>Title: </b></th>\n            <td style=\"padding-left: 4px;\">Medizinische Daten erheben</td>\n        </tr>\n        \n\n        \n        <tr>\n            <th scope=\"row\"><b>Id: </b></th>\n            <td style=\"padding-left: 4px;\">ConsentPolicy-example-1</td>\n        </tr>\n        \n\n        \n        <tr>\n            <th scope=\"row\"><b>Version: </b></th>\n            <td style=\"padding-left: 4px;\">2025.2.0</td>\n        </tr>\n        \n\n        \n\n        \n\n        \n\n        \n\n        \n        <tr>\n            <th scope=\"row\"><b>Date (date last changed): </b></th>\n            <td style=\"padding-left: 4px;\">2025-11-12 12:08:03+0100</td>\n        </tr>\n        \n\n        \n\n        \n        <tr>\n            <th scope=\"row\"><b>Publisher (steward): </b></th>\n            <td style=\"padding-left: 4px;\">Unabhängige Treuhandstelle der Universitätsmedizin Greifswald</td>\n        </tr>\n        \n\n        \n\n        \n\n        \n        <tr>\n            <th scope=\"row\"><b>Description: </b></th>\n            <td style=\"padding-left: 4px;\"><div><p>Beispiel Consent Policy für die Erhebung medizinischer Daten im Rahmen eines Forschungsprojektes</p>\n</div></td>\n        </tr>\n        \n\n        \n\n        \n\n        \n        <tr>\n            <th scope=\"row\"><b>Use Context: </b></th>\n            <td style=\"padding-left: 4px;\">\n                <table class=\"grid-dict\">\n                    <tr>\n                        <th><b>code</b></th>\n                        <th><b>value</b></th>\n                    </tr>\n                    \n                        <tr>\n                            <td>program</td>\n                            <td/>\n                        </tr>\n                    \n                </table>\n            </td>\n        </tr>\n        \n\n        \n\n        \n\n        \n\n        \n\n        \n\n        \n\n        \n        \n        \n\n        \n        <tr>\n            <th scope=\"row\"><b>Code: </b></th>\n            <td style=\"padding-left: 4px;\">\n                \n                    \n                        \n                            <p><b>system: </b><span><a href=\"CodeSystem-PolicyCS.html\">https://ths-greifswald.de/fhir/CodeSystem/gics/Policy</a></span></p>\n                        \n                        \n                            <p><b>code: </b><span>MDAT_erheben</span></p>\n                        \n                        \n                    \n                \n                \n            </td>\n        </tr>\n        \n\n        \n\n        \n\n        \n\n        \n\n        \n\n        \n\n        \n\n        \n\n        \n\n        \n\n        \n\n        \n\n        \n    </table>\n</div>\n</div>"
  },
  "extension" : [{
    "url" : "https://ths-greifswald.de/fhir/StructureDefinition/gics/Created",
    "valueInstant" : "2020-01-02T04:05:06+01:00"
  },
  {
    "extension" : [{
      "url" : "key",
      "valueString" : "semantic_code"
    },
    {
      "url" : "value",
      "valueString" : "12345"
    }],
    "url" : "https://ths-greifswald.de/fhir/StructureDefinition/gics/ExternalProperty"
  }],
  "url" : "https://ths-greifswald.de/fhir/gics/ActivityDefinition/ConsentPolicy-example-1",
  "version" : "2025.2.0",
  "name" : "MDAT_erheben",
  "title" : "Medizinische Daten erheben",
  "status" : "active",
  "date" : "2025-11-12T12:08:03+01:00",
  "publisher" : "Unabhängige Treuhandstelle der Universitätsmedizin Greifswald",
  "contact" : [{
    "name" : "Unabhängige Treuhandstelle der Universitätsmedizin Greifswald",
    "telecom" : [{
      "system" : "url",
      "value" : "https://www.ths-greifswald.de/"
    }]
  }],
  "description" : "Beispiel Consent Policy für die Erhebung medizinischer Daten im Rahmen eines Forschungsprojektes",
  "useContext" : [{
    "code" : {
      "system" : "http://terminology.hl7.org/CodeSystem/usage-context-type",
      "code" : "program"
    },
    "valueReference" : {
      "reference" : "d7a65ce8-2810-401a-b0db-70782a7b19a6"
    }
  }],
  "code" : {
    "coding" : [{
      "system" : "https://ths-greifswald.de/fhir/CodeSystem/gics/Policy",
      "code" : "MDAT_erheben"
    }]
  }
}