{
  "resourceType" : "Consent",
  "id" : "Consent-example-2",
  "meta" : {
    "extension" : [{
      "url" : "https://ths-greifswald.de/fhir/StructureDefinition/gics/Created",
      "valueInstant" : "2020-01-02T04:05:06+01:00"
    }],
    "lastUpdated" : "2021-10-29T11:00:08.695+02:00",
    "profile" : ["https://ths-greifswald.de/fhir/StructureDefinition/gics/Consent"]
  },
  "text" : {
    "status" : "extensions",
    "div" : "<div xmlns=\"http://www.w3.org/1999/xhtml\"><p class=\"res-header-id\"><b>Generated Narrative: Consent Consent-example-2</b></p><a name=\"Consent-example-2\"> </a><a name=\"hcConsent-example-2\"> </a><div style=\"display: inline-block; background-color: #d9e0e7; padding: 6px; margin: 4px; border: 1px solid #8da1b4; border-radius: 5px; line-height: 60%\"><p style=\"margin-bottom: 0px\">Last updated: 2021-10-29 11:00:08+0200</p><p style=\"margin-bottom: 0px\">Profile: <a href=\"StructureDefinition-Consent.html\">Einwilligungsinformationen</a></p></div><blockquote><p><b>Consent Management Domain Reference</b></p><ul><li>domain: <a href=\"https://simplifier.net/resolve?scope=de.einwilligungsmanagement@2.0.2&amp;canonical=http://fhir.org/packages/de.einwilligungsmanagement/ResearchStudy/b0b83c00-e230-4c52-8d3a-cbb882e0a72f\">ResearchStudy/b0b83c00-e230-4c52-8d3a-cbb882e0a72f</a></li><li>status: <a href=\"http://hl7.org/fhir/R4/codesystem-publication-status.html#publication-status-active\">PublicationStatus active</a>: Active</li></ul></blockquote><blockquote><p><b>External Property Element</b></p><ul><li>key: mykey1</li><li>value: myvalue1</li></ul></blockquote><blockquote><p><b>External Property Element</b></p><ul><li>key: mykey2</li><li>value: myvalue2</li></ul></blockquote><blockquote><p><b>External Property Element</b></p><ul><li>key: EXPIRATION_DATE</li><li>value: Tue Nov 30 00:00:00 CET 2021</li></ul></blockquote><p><b>status</b>: Active</p><p><b>scope</b>: <span title=\"Codes:{http://terminology.hl7.org/CodeSystem/consentscope research}\">Research</span></p><p><b>category</b>: <span title=\"Codes:{http://loinc.org 59284-0}\">Consent Document</span>, <span title=\"Codes:{http://fhir.de/ConsentManagement/CodeSystem/ResultType consent-status}\">Einwilligungsstand</span></p><p><b>patient</b>: <a href=\"https://simplifier.net/resolve?scope=de.einwilligungsmanagement@2.0.2&amp;canonical=http://fhir.org/packages/de.einwilligungsmanagement/Patient/65d4cbf1-f20a-4fd0-9585-53be76416b02\">Pseudonym aachen1</a></p><p><b>dateTime</b>: 2021-10-29 11:00:08+0200</p><p><b>organization</b>: MII</p><p><b>source</b>: <a href=\"https://simplifier.net/resolve?scope=de.einwilligungsmanagement@2.0.2&amp;canonical=http://fhir.org/packages/de.einwilligungsmanagement/QuestionnaireResponse/0f1ccc50-9b24-4f12-a998-49f80d5285c1\">QuestionnaireResponse/0f1ccc50-9b24-4f12-a998-49f80d5285c1</a></p><h3>Policies</h3><table class=\"grid\"><tr><td style=\"display: none\">-</td><td><b>Uri</b></td></tr><tr><td style=\"display: none\">*</td><td><a href=\"https://simplifier.net/resolve?scope=de.einwilligungsmanagement@2.0.2&amp;canonical=urn:uuid:b0b83c00-e230-4c52-8d3a-cbb882e0a72f\">urn:uuid:b0b83c00-e230-4c52-8d3a-cbb882e0a72f</a></td></tr></table><blockquote><p><b>provision</b></p><p><b>type</b>: Opt Out</p><p><b>period</b>: 2021-10-29 11:00:08+0200 --&gt; 2021-11-30 00:00:00+0100</p><h3>Provisions</h3><table class=\"grid\"><tr><td style=\"display: none\">-</td><td><b>Type</b></td><td><b>Period</b></td><td><b>Code</b></td></tr><tr><td style=\"display: none\">*</td><td>Opt In</td><td>2021-10-29 11:00:08+0200 --&gt; 2021-11-30 00:00:00+0100</td><td><span title=\"Codes:{https://ths-greifswald.de/fhir/CodeSystem/gics/Policy IDAT_bereitstellen_EU_DSGVO_NIVEAU}\">Herausgabe identifizierender Daten (IDAT) an verantwortliche Stelle zur weiteren Verarbeitung</span></td></tr><tr><td style=\"display: none\">*</td><td>Opt In</td><td>2021-10-29 11:00:08+0200 --&gt; 2021-11-30 00:00:00+0100</td><td><span title=\"Codes:{https://ths-greifswald.de/fhir/CodeSystem/gics/Policy IDAT_erheben}\">Erfassung neuer identifizierender Daten (IDAT)</span></td></tr><tr><td style=\"display: none\">*</td><td>Opt In</td><td>2021-10-29 11:00:08+0200 --&gt; 2021-11-30 00:00:00+0100</td><td><span title=\"Codes:{https://ths-greifswald.de/fhir/CodeSystem/gics/Policy IDAT_speichern_verarbeiten}\">Speicherung und Verarbeitung identifizierender Daten (IDAT) in der verantwortlichen Stelle</span></td></tr><tr><td style=\"display: none\">*</td><td>Opt In</td><td>2021-10-29 11:00:08+0200 --&gt; 2021-11-30 00:00:00+0100</td><td><span title=\"Codes:{https://ths-greifswald.de/fhir/CodeSystem/gics/Policy IDAT_zusammenfuehren_Dritte}\">Zusammenführung identifizierender Daten (IDAT) mit Dritten Forschungspartnern</span></td></tr><tr><td style=\"display: none\">*</td><td>Opt In</td><td>2021-10-29 11:00:08+0200 --&gt; 2021-11-30 00:00:00+0100</td><td><span title=\"Codes:{https://ths-greifswald.de/fhir/CodeSystem/gics/Policy MDAT_erheben}\">Erfassung medizinischer Daten</span></td></tr><tr><td style=\"display: none\">*</td><td>Opt In</td><td>2021-10-29 11:00:08+0200 --&gt; 2021-11-30 00:00:00+0100</td><td><span title=\"Codes:{https://ths-greifswald.de/fhir/CodeSystem/gics/Policy MDAT_speichern_verarbeiten}\">Speicherung_Verarbeitung von medizinischen Daten innerhalb der verantwortlichen Stelle (MDAT)</span></td></tr><tr><td style=\"display: none\">*</td><td>Opt In</td><td>2021-10-29 11:00:08+0200 --&gt; 2021-11-30 00:00:00+0100</td><td><span title=\"Codes:{https://ths-greifswald.de/fhir/CodeSystem/gics/Policy MDAT_wissenschaftlich_nutzen_EU_DSGVO_NIVEAU}\">Bereitstellung medizinischer Daten (MDAT) für wissenschaftliche Nutzung </span></td></tr><tr><td style=\"display: none\">*</td><td>Opt In</td><td>2021-10-29 11:00:08+0200 --&gt; 2021-11-30 00:00:00+0100</td><td><span title=\"Codes:{https://ths-greifswald.de/fhir/CodeSystem/gics/Policy MDAT_zusammenfuehren_Dritte}\">Zusammenführung medizinischer Daten (MDAT) mit Dritten Forschungspartnern</span></td></tr><tr><td style=\"display: none\">*</td><td>Opt In</td><td>2021-10-29 11:00:08+0200 --&gt; 2021-11-30 00:00:00+0100</td><td><span title=\"Codes:{https://ths-greifswald.de/fhir/CodeSystem/gics/Policy Rekontaktierung_Verknuepfung_Datenbanken}\">Rekontaktierung zur Verknuepfung von PatDat mit Info anderer Dbs</span></td></tr><tr><td style=\"display: none\">*</td><td>Opt In</td><td>2021-10-29 11:00:08+0200 --&gt; 2021-11-30 00:00:00+0100</td><td><span title=\"Codes:{https://ths-greifswald.de/fhir/CodeSystem/gics/Policy Rekontaktierung_weitere_Erhebung}\">Rekontaktierung bezüglich Erhebung zusätzlicher Daten</span></td></tr><tr><td style=\"display: none\">*</td><td>Opt In</td><td>2021-10-29 11:00:08+0200 --&gt; 2021-11-30 00:00:00+0100</td><td><span title=\"Codes:{https://ths-greifswald.de/fhir/CodeSystem/gics/Policy Rekontaktierung_weitere_Studien}\">Rekontaktierung bezüglich Information zu neuen Forschungsvorhaben oder Studien</span></td></tr><tr><td style=\"display: none\">*</td><td>Opt In</td><td>2021-10-29 11:00:08+0200 --&gt; 2021-11-30 00:00:00+0100</td><td><span title=\"Codes:{https://ths-greifswald.de/fhir/CodeSystem/gics/Policy KDAT_retro_speichern_verarbeiten}\">Krankenkassendaten (KKDAT) für 5 Jahre retrospektiv speichern_verarbeiten in der verantwortlichen Stelle</span></td></tr><tr><td style=\"display: none\">*</td><td>Opt In</td><td>2021-10-29 11:00:08+0200 --&gt; 2021-11-30 00:00:00+0100</td><td><span title=\"Codes:{https://ths-greifswald.de/fhir/CodeSystem/gics/Policy KDAT_retro_uebertragen}\">Krankenkassendaten (KKDAT) für 5 Jahre retrospektiv übertragen</span></td></tr><tr><td style=\"display: none\">*</td><td>Opt In</td><td>2021-10-29 11:00:08+0200 --&gt; 2021-11-30 00:00:00+0100</td><td><span title=\"Codes:{https://ths-greifswald.de/fhir/CodeSystem/gics/Policy KDAT_retro_wissenschaftlich_nutzen}\">Krankenkassendaten (KKDAT) für 5 Jahre retrospektiv wissenschaftlich nutzen</span></td></tr></table></blockquote></div>"
  },
  "extension" : [{
    "extension" : [{
      "url" : "domain",
      "valueReference" : {
        "reference" : "ResearchStudy/b0b83c00-e230-4c52-8d3a-cbb882e0a72f"
      }
    },
    {
      "url" : "status",
      "valueCoding" : {
        "system" : "http://hl7.org/fhir/publication-status",
        "code" : "active"
      }
    }],
    "url" : "http://fhir.de/ConsentManagement/StructureDefinition/DomainReference"
  },
  {
    "extension" : [{
      "url" : "key",
      "valueString" : "mykey1"
    },
    {
      "url" : "value",
      "valueString" : "myvalue1"
    }],
    "url" : "https://ths-greifswald.de/fhir/StructureDefinition/gics/ExternalProperty"
  },
  {
    "extension" : [{
      "url" : "key",
      "valueString" : "mykey2"
    },
    {
      "url" : "value",
      "valueString" : "myvalue2"
    }],
    "url" : "https://ths-greifswald.de/fhir/StructureDefinition/gics/ExternalProperty"
  },
  {
    "extension" : [{
      "url" : "key",
      "valueString" : "EXPIRATION_DATE"
    },
    {
      "url" : "value",
      "valueString" : "Tue Nov 30 00:00:00 CET 2021"
    }],
    "url" : "https://ths-greifswald.de/fhir/StructureDefinition/gics/ExternalProperty"
  }],
  "status" : "active",
  "scope" : {
    "coding" : [{
      "system" : "http://terminology.hl7.org/CodeSystem/consentscope",
      "code" : "research"
    }]
  },
  "category" : [{
    "coding" : [{
      "system" : "http://loinc.org",
      "code" : "59284-0"
    }]
  },
  {
    "coding" : [{
      "system" : "http://fhir.de/ConsentManagement/CodeSystem/ResultType",
      "code" : "consent-status"
    }]
  }],
  "patient" : {
    "reference" : "Patient/65d4cbf1-f20a-4fd0-9585-53be76416b02",
    "display" : "Pseudonym aachen1"
  },
  "dateTime" : "2021-10-29T11:00:08+02:00",
  "organization" : [{
    "display" : "MII"
  }],
  "sourceReference" : {
    "reference" : "QuestionnaireResponse/0f1ccc50-9b24-4f12-a998-49f80d5285c1"
  },
  "policy" : [{
    "uri" : "urn:uuid:b0b83c00-e230-4c52-8d3a-cbb882e0a72f"
  }],
  "provision" : {
    "type" : "deny",
    "period" : {
      "start" : "2021-10-29T11:00:08+02:00",
      "end" : "2021-11-30T00:00:00+01:00"
    },
    "provision" : [{
      "type" : "permit",
      "period" : {
        "start" : "2021-10-29T11:00:08+02:00",
        "end" : "2021-11-30T00:00:00+01:00"
      },
      "code" : [{
        "coding" : [{
          "system" : "https://ths-greifswald.de/fhir/CodeSystem/gics/Policy",
          "code" : "IDAT_bereitstellen_EU_DSGVO_NIVEAU",
          "display" : "Herausgabe identifizierender Daten (IDAT) an verantwortliche Stelle zur weiteren Verarbeitung"
        }]
      }]
    },
    {
      "type" : "permit",
      "period" : {
        "start" : "2021-10-29T11:00:08+02:00",
        "end" : "2021-11-30T00:00:00+01:00"
      },
      "code" : [{
        "coding" : [{
          "system" : "https://ths-greifswald.de/fhir/CodeSystem/gics/Policy",
          "code" : "IDAT_erheben",
          "display" : "Erfassung neuer identifizierender Daten (IDAT)"
        }]
      }]
    },
    {
      "type" : "permit",
      "period" : {
        "start" : "2021-10-29T11:00:08+02:00",
        "end" : "2021-11-30T00:00:00+01:00"
      },
      "code" : [{
        "coding" : [{
          "system" : "https://ths-greifswald.de/fhir/CodeSystem/gics/Policy",
          "code" : "IDAT_speichern_verarbeiten",
          "display" : "Speicherung und Verarbeitung identifizierender Daten (IDAT) in der verantwortlichen Stelle"
        }]
      }]
    },
    {
      "type" : "permit",
      "period" : {
        "start" : "2021-10-29T11:00:08+02:00",
        "end" : "2021-11-30T00:00:00+01:00"
      },
      "code" : [{
        "coding" : [{
          "system" : "https://ths-greifswald.de/fhir/CodeSystem/gics/Policy",
          "code" : "IDAT_zusammenfuehren_Dritte",
          "display" : "Zusammenführung identifizierender Daten (IDAT) mit Dritten Forschungspartnern"
        }]
      }]
    },
    {
      "type" : "permit",
      "period" : {
        "start" : "2021-10-29T11:00:08+02:00",
        "end" : "2021-11-30T00:00:00+01:00"
      },
      "code" : [{
        "coding" : [{
          "system" : "https://ths-greifswald.de/fhir/CodeSystem/gics/Policy",
          "code" : "MDAT_erheben",
          "display" : "Erfassung medizinischer Daten"
        }]
      }]
    },
    {
      "type" : "permit",
      "period" : {
        "start" : "2021-10-29T11:00:08+02:00",
        "end" : "2021-11-30T00:00:00+01:00"
      },
      "code" : [{
        "coding" : [{
          "system" : "https://ths-greifswald.de/fhir/CodeSystem/gics/Policy",
          "code" : "MDAT_speichern_verarbeiten",
          "display" : "Speicherung_Verarbeitung von medizinischen Daten innerhalb der verantwortlichen Stelle (MDAT)"
        }]
      }]
    },
    {
      "type" : "permit",
      "period" : {
        "start" : "2021-10-29T11:00:08+02:00",
        "end" : "2021-11-30T00:00:00+01:00"
      },
      "code" : [{
        "coding" : [{
          "system" : "https://ths-greifswald.de/fhir/CodeSystem/gics/Policy",
          "code" : "MDAT_wissenschaftlich_nutzen_EU_DSGVO_NIVEAU",
          "display" : "Bereitstellung medizinischer Daten (MDAT) für wissenschaftliche Nutzung "
        }]
      }]
    },
    {
      "type" : "permit",
      "period" : {
        "start" : "2021-10-29T11:00:08+02:00",
        "end" : "2021-11-30T00:00:00+01:00"
      },
      "code" : [{
        "coding" : [{
          "system" : "https://ths-greifswald.de/fhir/CodeSystem/gics/Policy",
          "code" : "MDAT_zusammenfuehren_Dritte",
          "display" : "Zusammenführung medizinischer Daten (MDAT) mit Dritten Forschungspartnern"
        }]
      }]
    },
    {
      "type" : "permit",
      "period" : {
        "start" : "2021-10-29T11:00:08+02:00",
        "end" : "2021-11-30T00:00:00+01:00"
      },
      "code" : [{
        "coding" : [{
          "system" : "https://ths-greifswald.de/fhir/CodeSystem/gics/Policy",
          "code" : "Rekontaktierung_Verknuepfung_Datenbanken",
          "display" : "Rekontaktierung zur Verknuepfung von PatDat mit Info anderer Dbs"
        }]
      }]
    },
    {
      "type" : "permit",
      "period" : {
        "start" : "2021-10-29T11:00:08+02:00",
        "end" : "2021-11-30T00:00:00+01:00"
      },
      "code" : [{
        "coding" : [{
          "system" : "https://ths-greifswald.de/fhir/CodeSystem/gics/Policy",
          "code" : "Rekontaktierung_weitere_Erhebung",
          "display" : "Rekontaktierung bezüglich Erhebung zusätzlicher Daten"
        }]
      }]
    },
    {
      "type" : "permit",
      "period" : {
        "start" : "2021-10-29T11:00:08+02:00",
        "end" : "2021-11-30T00:00:00+01:00"
      },
      "code" : [{
        "coding" : [{
          "system" : "https://ths-greifswald.de/fhir/CodeSystem/gics/Policy",
          "code" : "Rekontaktierung_weitere_Studien",
          "display" : "Rekontaktierung bezüglich Information zu neuen Forschungsvorhaben oder Studien"
        }]
      }]
    },
    {
      "type" : "permit",
      "period" : {
        "start" : "2021-10-29T11:00:08+02:00",
        "end" : "2021-11-30T00:00:00+01:00"
      },
      "code" : [{
        "coding" : [{
          "system" : "https://ths-greifswald.de/fhir/CodeSystem/gics/Policy",
          "code" : "KDAT_retro_speichern_verarbeiten",
          "display" : "Krankenkassendaten (KKDAT) für 5 Jahre retrospektiv speichern_verarbeiten in der verantwortlichen Stelle"
        }]
      }]
    },
    {
      "type" : "permit",
      "period" : {
        "start" : "2021-10-29T11:00:08+02:00",
        "end" : "2021-11-30T00:00:00+01:00"
      },
      "code" : [{
        "coding" : [{
          "system" : "https://ths-greifswald.de/fhir/CodeSystem/gics/Policy",
          "code" : "KDAT_retro_uebertragen",
          "display" : "Krankenkassendaten (KKDAT) für 5 Jahre retrospektiv übertragen"
        }]
      }]
    },
    {
      "type" : "permit",
      "period" : {
        "start" : "2021-10-29T11:00:08+02:00",
        "end" : "2021-11-30T00:00:00+01:00"
      },
      "code" : [{
        "coding" : [{
          "system" : "https://ths-greifswald.de/fhir/CodeSystem/gics/Policy",
          "code" : "KDAT_retro_wissenschaftlich_nutzen",
          "display" : "Krankenkassendaten (KKDAT) für 5 Jahre retrospektiv wissenschaftlich nutzen"
        }]
      }]
    }]
  }
}