{
  "resourceType" : "Consent",
  "id" : "Consent-example-1",
  "meta" : {
    "extension" : [{
      "url" : "https://ths-greifswald.de/fhir/StructureDefinition/gics/Created",
      "valueInstant" : "2020-01-02T04:05:06+01:00"
    }],
    "lastUpdated" : "2021-06-17T14:02:21.285+02:00",
    "profile" : ["https://ths-greifswald.de/fhir/StructureDefinition/gics/Consent",
    "http://fhir.de/ConsentManagement/StructureDefinition/Consent"]
  },
  "text" : {
    "status" : "extensions",
    "div" : "<div xmlns=\"http://www.w3.org/1999/xhtml\"><p class=\"res-header-id\"><b>Generated Narrative: Consent Consent-example-1</b></p><a name=\"Consent-example-1\"> </a><a name=\"hcConsent-example-1\"> </a><div style=\"display: inline-block; background-color: #d9e0e7; padding: 6px; margin: 4px; border: 1px solid #8da1b4; border-radius: 5px; line-height: 60%\"><p style=\"margin-bottom: 0px\">Last updated: 2021-06-17 14:02:21+0200</p><p style=\"margin-bottom: 0px\">Profiles: <a href=\"StructureDefinition-Consent.html\">Einwilligungsinformationen</a>, <a href=\"https://simplifier.net/resolve?scope=de.einwilligungsmanagement@2.0.0&amp;canonical=http://fhir.de/ConsentManagement/StructureDefinition/Consent\">Consent Management: Consent</a></p></div><blockquote><p><b>Consent Management Domain Reference</b></p><ul><li>domain: <a href=\"https://simplifier.net/resolve?scope=de.einwilligungsmanagement@2.0.0&amp;canonical=http://fhir.org/packages/de.einwilligungsmanagement/ResearchStudy/593d66f3-3654-4e8a-9524-3bcd78a363bb\">ResearchStudy/593d66f3-3654-4e8a-9524-3bcd78a363bb</a></li><li>status: <a href=\"http://hl7.org/fhir/R4/codesystem-publication-status.html#publication-status-active\">PublicationStatus active</a>: Active</li></ul></blockquote><p><b>status</b>: Active</p><p><b>scope</b>: <span title=\"Codes:{http://terminology.hl7.org/CodeSystem/consentscope research}\">Research</span></p><p><b>category</b>: <span title=\"Codes:{http://loinc.org 57016-8}\">Privacy policy acknowledgment Document</span>, <span title=\"Codes:{http://fhir.de/ConsentManagement/CodeSystem/ResultType consent-status}\">Einwilligungsstand</span></p><p><b>patient</b>: <a href=\"https://simplifier.net/resolve?scope=de.einwilligungsmanagement@2.0.0&amp;canonical=http://fhir.org/packages/de.einwilligungsmanagement/Patient/b5ad0847-597d-4825-bb6c-537d949159f8\">Pseudonym dic_1H51T</a></p><p><b>dateTime</b>: 2021-06-17 14:02:21+0200</p><p><b>source</b>: <a href=\"https://simplifier.net/resolve?scope=de.einwilligungsmanagement@2.0.0&amp;canonical=http://fhir.org/packages/de.einwilligungsmanagement/QuestionnaireResponse/cde387ba-27df-43c2-9f8d-4a2157a16363\">QuestionnaireResponse/cde387ba-27df-43c2-9f8d-4a2157a16363</a></p><h3>Policies</h3><table class=\"grid\"><tr><td style=\"display: none\">-</td><td><b>Uri</b></td></tr><tr><td style=\"display: none\">*</td><td><a href=\"https://simplifier.net/resolve?scope=de.einwilligungsmanagement@2.0.0&amp;canonical=urn:uuid:593d66f3-3654-4e8a-9524-3bcd78a363bb\">urn:uuid:593d66f3-3654-4e8a-9524-3bcd78a363bb</a></td></tr></table><blockquote><p><b>provision</b></p><p><b>type</b>: Opt In</p><p><b>period</b>: 2021-06-17 14:02:21+0200 --&gt; 2026-06-17 14:02:21+0200</p><p><b>code</b>: <span title=\"Codes:{https://ths-greifswald.de/fhir/CodeSystem/gics/Policy MDAT_erheben}\">Erfassung medizinischer Daten</span>, <span title=\"Codes:{urn:oid:2.16.840.1.113883.3.1937.777.24.5.3 2.16.840.1.113883.3.1937.777.24.5.3.6}\">MDAT erheben</span></p></blockquote></div>"
  },
  "extension" : [{
    "extension" : [{
      "url" : "domain",
      "valueReference" : {
        "reference" : "ResearchStudy/593d66f3-3654-4e8a-9524-3bcd78a363bb"
      }
    },
    {
      "url" : "status",
      "valueCoding" : {
        "system" : "http://hl7.org/fhir/publication-status",
        "code" : "active"
      }
    }],
    "url" : "http://fhir.de/ConsentManagement/StructureDefinition/DomainReference"
  }],
  "status" : "active",
  "scope" : {
    "coding" : [{
      "system" : "http://terminology.hl7.org/CodeSystem/consentscope",
      "code" : "research"
    }]
  },
  "category" : [{
    "coding" : [{
      "system" : "http://loinc.org",
      "code" : "57016-8"
    }]
  },
  {
    "coding" : [{
      "system" : "http://fhir.de/ConsentManagement/CodeSystem/ResultType",
      "code" : "consent-status"
    }]
  }],
  "patient" : {
    "reference" : "Patient/b5ad0847-597d-4825-bb6c-537d949159f8",
    "display" : "Pseudonym dic_1H51T"
  },
  "dateTime" : "2021-06-17T14:02:21+02:00",
  "sourceReference" : {
    "reference" : "QuestionnaireResponse/cde387ba-27df-43c2-9f8d-4a2157a16363"
  },
  "policy" : [{
    "uri" : "urn:uuid:593d66f3-3654-4e8a-9524-3bcd78a363bb"
  }],
  "provision" : {
    "type" : "permit",
    "period" : {
      "start" : "2021-06-17T14:02:21+02:00",
      "end" : "2026-06-17T14:02:21+02:00"
    },
    "code" : [{
      "coding" : [{
        "system" : "https://ths-greifswald.de/fhir/CodeSystem/gics/Policy",
        "code" : "MDAT_erheben",
        "display" : "Erfassung medizinischer Daten"
      }]
    },
    {
      "coding" : [{
        "system" : "urn:oid:2.16.840.1.113883.3.1937.777.24.5.3",
        "code" : "2.16.840.1.113883.3.1937.777.24.5.3.6"
      }]
    }]
  }
}