{
  "resourceType" : "Parameters",
  "id" : "IsConsented-request-example-2",
  "parameter" : [{
    "name" : "personIdentifier",
    "valueIdentifier" : {
      "system" : "https://ths-greifswald.de/fhir/gics/identifiers/Pseudonym",
      "value" : "dic_1H51T"
    }
  },
  {
    "name" : "domain",
    "valueString" : "num"
  },
  {
    "name" : "policy",
    "valueCoding" : {
      "system" : "urn:oid:2.16.840.1.113883.3.1937.777.24.5.3",
      "code" : "2.16.840.1.113883.3.1937.777.24.5.3.6"
    }
  },
  {
    "name" : "version",
    "valueString" : "1.1"
  }]
}